 Position(mm),Ancestor_01_T1,Ancestor_02_T1,Ancestor_03_T1,Ancestor_01_T2,Ancestor_02_T2,Ancestor_03_T2,Evolved_01_T1,Evolved_02_T1,Evolved_03_T1,Evolved_01_T2,Evolved_02_T2,Evolved_03_T2,,,,
0,0.352153,0.524898,0.39911,0.32887,0.342876,0.452787,0.309611,0.422031,0.453128,0.372656,0.54562,0.534001,,,,
0.1,1.477953,1.219777,2.740524,0.902938,0.764702,1.057623,1.549983,2.755956,1.842706,0.728214,0.313022,0.260038,,,,
0.17,2.036352,1.9617,3.461545,2.18524,0.652809,0.502421,3.413374,3.708348,3.444639,2.675528,0.350844,0.297313,,T1=Trial 1,,
0.27,2.03732,1.959929,3.46381,2.18944,0.35167,1.101624,3.412654,3.709883,3.446911,2.673996,0.361156,0.295744,,T2=Trial 2,,
0.36,2.041193,1.964919,3.467203,2.192334,0.350491,0.62914,3.416556,3.713704,3.45464,2.673292,2.281081,2.257026,,,,
0.46,2.046579,1.964434,3.469888,2.197071,0.349589,0.497191,3.422583,3.718434,3.459263,2.677399,2.455535,3.09723,,,,
0.55,2.051992,1.962318,3.480782,2.201373,0.634406,0.659028,3.432217,3.725982,3.46291,2.687335,2.460932,3.101622,,,,
0.65,2.058662,1.962697,3.502827,2.207673,0.363575,0.506751,3.445983,3.735982,3.473547,2.698365,2.456047,3.103461,,,,
0.75,2.06777,1.968801,3.525107,2.215009,0.359125,0.442907,3.46005,3.751695,3.489124,2.706987,2.460424,3.102843,,,,
0.84,2.077283,1.975399,3.547969,2.221406,0.356781,0.552492,3.477459,3.769808,3.507909,2.720107,2.465927,3.107492,,,,
0.94,2.088715,1.982851,3.563919,2.226917,0.3557,0.447511,3.497234,3.786327,3.527241,2.737126,2.477098,3.115634,,,,
1.04,2.103321,1.992708,3.593182,2.231356,0.632599,0.419708,3.523387,3.806755,3.551673,2.762769,2.486138,3.120178,,,,
1.13,2.122694,2.004786,3.63016,2.236917,0.339196,1.514388,3.538186,3.825156,3.57823,2.798142,2.499861,3.134155,,,,
1.23,2.139134,2.0196,3.666652,2.24555,0.345851,0.604217,3.559512,3.850376,3.604234,2.844029,2.522348,3.138566,,,,
1.33,2.160794,2.039204,3.706836,2.256079,0.343474,0.430825,3.585153,3.881188,3.63506,2.89469,2.543898,3.148423,,,,
1.42,2.182522,2.059353,3.748564,2.263853,0.341947,1.448884,3.614678,3.909208,3.675623,2.957216,2.568557,3.154532,,,,
1.52,2.209508,2.080138,3.795788,2.276947,0.339772,0.776882,3.637436,3.942952,3.715124,3.017274,2.598842,3.168201,,,,
1.62,2.240006,2.102399,3.852709,2.3019,0.560758,0.561011,3.668098,3.976816,3.760323,3.076867,2.644636,3.177656,,,,
1.71,2.27591,2.131061,3.901012,2.328966,0.366248,1.150146,3.704375,4.017689,3.808566,3.145451,2.696386,3.188386,,,,
1.81,2.317381,2.164017,3.954904,2.364147,0.364715,1.207742,3.74599,4.059051,3.865326,3.214782,2.752748,3.204891,,,,
1.91,2.365095,2.198495,4.0112,2.406948,0.361991,1.689449,3.786552,4.10319,3.919649,3.285118,2.80872,3.218579,,,,
2,2.410803,2.240907,4.067882,2.443612,0.360316,2.260518,3.830714,4.148988,3.971719,3.35522,2.877268,3.235756,,,,
2.1,2.462984,2.289617,4.12256,2.492488,0.358808,2.460039,3.877318,4.193842,4.029264,3.437801,2.936425,3.254862,,,,
2.19,2.519333,2.33545,4.185796,2.56027,0.357616,2.399425,3.922135,4.23748,4.086019,3.532354,2.999468,3.283626,,,,
2.29,2.578226,2.384251,4.24272,2.636102,0.356928,2.44175,3.96927,4.280217,4.14264,3.625037,3.074154,3.311186,,,,
2.39,2.638438,2.437914,4.297025,2.726259,0.358306,2.586625,4.014128,4.32312,4.199026,3.701909,3.147837,3.347548,,,,
2.48,2.734261,2.496718,4.35027,2.82675,0.79926,2.667105,4.062003,4.364156,4.251997,3.782585,3.221319,3.387332,,,,
2.58,2.736356,2.559417,4.392062,2.902501,2.93984,2.581696,4.104545,4.405773,4.297431,3.854067,3.302317,3.43894,,,,
2.68,2.84642,2.624568,4.43799,2.988605,3.005809,2.639024,4.144652,4.438341,4.339264,3.919766,3.374453,3.495119,,,,
2.77,2.937833,2.693388,4.47553,3.083615,3.015972,2.725453,4.182362,4.466739,4.376577,3.977231,3.450661,3.546879,,,,
2.87,2.981827,2.764961,4.506397,3.161707,3.023653,2.782781,4.215602,4.490362,4.410859,4.022144,3.528807,3.604587,,,,
2.97,3.085138,2.830484,4.531696,3.243126,3.026982,2.815343,4.246742,4.509778,4.439446,4.062144,3.591735,3.660379,,,,
3.07,3.159665,2.892512,4.547664,3.318309,3.033666,2.844134,4.272948,4.516652,4.457384,4.093744,3.652129,3.726226,,,,
3.16,3.239528,2.970141,4.557494,3.387317,3.044278,2.876497,4.296976,4.515169,4.465421,4.111061,3.713639,3.798295,,,,
3.26,3.304565,3.041882,4.553906,3.446452,3.0604,2.927216,4.318251,4.508267,4.471087,4.112732,3.764914,3.873823,,,,
3.35,3.369747,3.11493,4.540454,3.498281,3.08003,3.01714,4.330328,4.488634,4.464445,4.101023,3.809351,3.94621,,,,
3.45,3.424071,3.184025,4.510895,3.535886,3.103513,3.061743,4.323492,4.458199,4.446981,4.074393,3.845646,4.010673,,,,
3.54,3.47879,3.252616,4.47281,3.568373,3.129735,3.142451,4.316827,4.419363,4.418672,4.035146,3.871526,4.066199,,,,
3.64,3.520044,3.305084,4.425321,3.587367,3.162262,3.202971,4.303524,4.366191,4.380565,3.983411,3.885084,4.105433,,,,
3.74,3.553745,3.354614,4.364489,3.590349,3.221409,3.289053,4.273577,4.31071,4.332498,3.918867,3.884557,4.143043,,,,
3.83,3.579112,3.402486,4.295373,3.578817,3.280979,3.37108,4.240602,4.246245,4.277548,3.843478,3.874243,4.166754,,,,
3.93,3.600826,3.438497,4.220364,3.561988,3.348106,3.432454,4.196121,4.171027,4.208271,3.756199,3.849325,4.188217,,,,
4.03,3.599966,3.467734,4.140847,3.531748,3.411925,3.51465,4.156717,4.090017,4.136667,3.65985,3.809134,4.19989,,,,
4.12,3.587474,3.493354,4.053282,3.489403,3.47845,3.616912,4.095898,3.996502,4.043301,3.552699,3.756816,4.1956,,,,
4.22,3.570062,3.513206,3.957397,3.435448,3.542545,3.69461,4.03023,3.898349,3.947034,3.445865,3.691613,4.178938,,,,
4.32,3.534649,3.512078,3.860187,3.367394,3.6206,3.77949,3.964033,3.78674,3.851375,3.321985,3.615012,4.155101,,,,
4.42,3.486058,3.500321,3.731322,3.290759,3.716155,3.861534,3.872138,3.663578,3.728831,3.193932,3.527859,4.117383,,,,
4.51,3.423259,3.477832,3.613103,3.232561,3.820076,3.951934,3.783339,3.534396,3.616252,3.071571,3.434713,4.066555,,,,
4.61,3.350876,3.44034,3.506348,3.142069,3.910332,4.039658,3.681233,3.39922,3.482545,2.935977,3.328658,4.007354,,,,
4.7,3.271756,3.388442,3.361517,3.054291,4.006839,4.115938,3.573415,3.258115,3.367857,2.801592,3.219852,3.939555,,,,
4.8,3.173666,3.325085,3.246112,2.945479,4.108121,4.195142,3.476419,3.127564,3.224826,2.653651,3.107383,3.859001,,,,
4.89,3.070374,3.264758,3.10378,2.845964,4.207211,4.239915,3.37934,2.988801,3.093591,2.51812,2.979586,3.765529,,,,
4.99,2.965523,3.18371,2.964178,2.741246,4.298034,4.270194,3.245885,2.843085,2.957925,2.380012,2.853503,3.670663,,,,
5.09,2.851136,3.099184,2.818126,2.618775,4.388656,4.296319,3.134898,2.710085,2.816935,2.260243,2.722216,3.562784,,,,
5.18,2.723122,2.995821,2.683846,2.511433,4.473971,4.315851,3.016057,2.578431,2.683876,2.131704,2.590425,3.44926,,,,
5.28,2.607267,2.901703,2.567906,2.394065,4.551281,4.32073,2.881005,2.442405,2.552384,1.999898,2.455074,3.334315,,,,
5.38,2.473976,2.792989,2.432029,2.277107,4.62157,4.315442,2.749197,2.30416,2.421426,1.88921,2.326317,3.210441,,,,
5.47,2.348501,2.676117,2.312089,2.164095,4.674508,4.294276,2.642128,2.180643,2.293542,1.779762,2.201117,3.096743,,,,
5.57,2.216941,2.555072,2.196406,2.052934,4.71629,4.2537,2.508397,2.070245,2.173995,1.675863,2.084117,2.971613,,,,
5.67,2.09807,2.437619,2.080524,1.948133,4.744176,4.202398,2.385469,1.95082,2.062064,1.579357,1.973237,2.842003,,,,
5.77,1.980646,2.318961,1.972368,1.852163,4.758725,4.136863,2.263042,1.846151,1.95264,1.489614,1.858055,2.708277,,,,
5.86,1.862342,2.197667,1.867196,1.755226,4.761581,4.055562,2.150378,1.742056,1.847657,1.404693,1.749136,2.579713,,,,
5.96,1.749614,2.081307,1.776062,1.659895,4.750876,3.964641,2.033286,1.652382,1.758556,1.332672,1.644062,2.471093,,,,
6.05,1.64935,1.973448,1.683511,1.571837,4.719958,3.861859,1.934023,1.569398,1.66073,1.2504,1.548824,2.341469,,,,
6.15,1.552687,1.857496,1.604806,1.485298,4.670592,3.751813,1.821844,1.483153,1.58392,1.183788,1.459677,2.220979,,,,
6.25,1.452689,1.76427,1.521001,1.403434,4.609826,3.629671,1.723607,1.412264,1.49523,1.121378,1.365817,2.091529,,,,
6.34,1.375228,1.666177,1.452348,1.33259,4.535787,3.500484,1.639298,1.342484,1.419581,1.067606,1.286964,1.989664,,,,
6.44,1.302682,1.570547,1.387891,1.263731,4.440561,3.370799,1.546744,1.282853,1.357672,1.013188,1.217891,1.888416,,,,
6.53,1.230361,1.483582,1.331144,1.193028,4.337327,3.235135,1.475034,1.221388,1.288262,0.96622,1.144206,1.789447,,,,
6.63,1.155926,1.40443,1.271496,1.131876,4.209333,3.105459,1.39696,1.173745,1.248935,0.925934,1.088612,1.686623,,,,
6.73,1.100319,1.32781,1.219678,1.072828,4.072669,2.955449,1.341095,1.130423,1.206355,0.882766,1.033222,1.607146,,,,
6.82,1.042005,1.259663,1.161846,1.019398,3.929838,2.819309,1.257242,1.094452,1.151868,0.847327,0.976412,1.518195,,,,
6.92,0.992968,1.199022,1.114666,0.965491,3.780568,2.668278,1.203254,1.049479,1.104222,0.813132,0.925125,1.437414,,,,
7.02,0.962534,1.150442,1.070166,0.923791,3.628567,2.528245,1.14302,1.01463,1.058932,0.784088,0.877929,1.361492,,,,
7.12,0.923814,1.095045,1.030858,0.878243,3.472564,2.400695,1.108177,0.972215,1.016178,0.755327,0.841784,1.287006,,,,
7.21,0.887185,1.042413,0.988926,0.841412,3.310169,2.277803,1.055402,0.936719,0.979035,0.729235,0.795204,1.216721,,,,
7.31,0.856891,1.001346,0.961854,0.80528,3.145876,2.148445,1.000139,0.9054,0.953907,0.704684,0.757144,1.16252,,,,
7.4,0.820283,0.954984,0.933999,0.772227,2.98624,2.010885,0.95611,0.882558,0.92165,0.685647,0.728155,1.114508,,,,
7.5,0.791239,0.917648,0.905768,0.742456,2.821397,1.890385,0.919344,0.857021,0.897592,0.66424,0.696628,1.047552,,,,
7.6,0.775358,0.887248,0.886177,0.714594,2.643744,1.774587,0.889368,0.833352,0.874691,0.640037,0.671967,0.999866,,,,
7.69,0.745765,0.856444,0.855921,0.686312,2.48835,1.67662,0.869656,0.811505,0.854244,0.617465,0.643873,0.956118,,,,
7.79,0.725071,0.828181,0.836062,0.662552,2.341279,1.581895,0.829206,0.795485,0.834881,0.601856,0.623019,0.913813,,,,
7.88,0.708198,0.805156,0.816388,0.639346,2.199885,1.491913,0.808286,0.775198,0.814334,0.588082,0.597233,0.869382,,,,
7.98,0.694557,0.780969,0.80109,0.6192,2.057821,1.40248,0.777746,0.758728,0.797947,0.574729,0.573674,0.826598,,,,
8.08,0.681719,0.75951,0.777849,0.600393,1.925483,1.32478,0.758886,0.747512,0.776712,0.561427,0.556954,0.788249,,,,
8.17,0.665894,0.741938,0.76557,0.581324,1.79919,1.25307,0.736655,0.730737,0.761375,0.545041,0.541292,0.754974,,,,
8.27,0.652572,0.726175,0.75155,0.564103,1.687617,1.180483,0.720345,0.713156,0.750325,0.532984,0.529041,0.731982,,,,
8.37,0.640023,0.709547,0.737645,0.549321,1.579687,1.112676,0.703153,0.699158,0.734683,0.520482,0.519732,0.695074,,,,
8.46,0.630004,0.695536,0.71985,0.533634,1.483646,1.053654,0.688486,0.685564,0.720114,0.509975,0.504363,0.670039,,,,
8.56,0.624285,0.682925,0.712281,0.522121,1.386761,1.004363,0.674241,0.673133,0.711658,0.499844,0.494371,0.646324,,,,
8.66,0.613418,0.671468,0.701733,0.511108,1.30444,0.953522,0.662434,0.663648,0.70155,0.490334,0.483834,0.627416,,,,
8.76,0.605147,0.659902,0.687783,0.49937,1.227101,0.907133,0.648667,0.654554,0.686513,0.483476,0.472123,0.598634,,,,
8.85,0.596093,0.649401,0.673934,0.485661,1.155624,0.865734,0.637788,0.64229,0.6748,0.475443,0.460758,0.574283,,,,
8.95,0.592706,0.640654,0.665505,0.479464,1.088947,0.826604,0.628897,0.632071,0.665914,0.468909,0.448526,0.556043,,,,
9.04,0.581704,0.631641,0.653724,0.470455,1.039633,0.790631,0.625035,0.623328,0.654096,0.463077,0.437129,0.538258,,,,
9.14,0.573968,0.622577,0.647342,0.462841,0.986924,0.76151,0.610582,0.611608,0.64681,0.457013,0.42714,0.527106,,,,
9.23,0.571038,0.613357,0.637535,0.456387,0.938723,0.730729,0.598352,0.601136,0.638184,0.451145,0.418499,0.513551,,,,
9.33,0.564594,0.604,0.629913,0.44859,0.897055,0.705861,0.586675,0.595048,0.630988,0.44774,0.408262,0.500884,,,,
9.43,0.557856,0.599345,0.62574,0.441893,0.854208,0.680189,0.583365,0.588159,0.623303,0.444341,0.404097,0.483151,,,,
9.52,0.552599,0.591936,0.618407,0.433116,0.81711,0.656843,0.57576,0.581377,0.620393,0.442132,0.397422,0.476664,,,,
9.62,0.546864,0.585122,0.609246,0.424224,0.77586,0.632872,0.567434,0.574925,0.610534,0.43961,0.391813,0.458749,,,,
9.72,0.540428,0.579895,0.604212,0.418524,0.739425,0.610684,0.563874,0.569594,0.605268,0.436093,0.386025,0.449897,,,,
9.81,0.541251,0.574801,0.595013,0.414616,0.718258,0.593064,0.554342,0.565633,0.603818,0.432924,0.380351,0.440322,,,,
9.91,0.539006,0.569638,0.589754,0.412891,0.68314,0.575564,0.551177,0.560186,0.593359,0.427615,0.375616,0.429697,,,,
10.01,0.536246,0.561648,0.581613,0.409017,0.666645,0.559237,0.543316,0.557251,0.589534,0.424381,0.373201,0.41949,,,,
10.11,0.528285,0.556939,0.576984,0.403866,0.652005,0.5453,0.53639,0.550713,0.585401,0.420526,0.36652,0.407876,,,,
10.2,0.524326,0.552069,0.57083,0.39748,0.632625,0.532026,0.529658,0.548708,0.579519,0.417768,0.365097,0.404162,,,,
10.3,0.518839,0.54784,0.564594,0.392539,0.608497,0.518068,0.525572,0.542708,0.577147,0.415052,0.360987,0.397994,,,,
10.39,0.514644,0.544011,0.560937,0.390562,0.59287,0.503849,0.520658,0.539501,0.56726,0.413723,0.358038,0.392077,,,,
10.49,0.509698,0.540758,0.555391,0.388742,0.572989,0.490722,0.514231,0.53316,0.568341,0.411073,0.35356,0.386602,,,,
10.59,0.505895,0.534329,0.549498,0.385716,0.557654,0.480544,0.511163,0.5311,0.559052,0.408888,0.353065,0.381314,,,,
10.68,0.501082,0.530811,0.544993,0.384509,0.536676,0.471057,0.502829,0.524765,0.55636,0.406725,0.349049,0.380236,,,,
10.78,0.498477,0.525548,0.538734,0.382424,0.51797,0.464505,0.501717,0.529214,0.549941,0.405825,0.348384,0.375586,,,,
10.87,0.495593,0.52364,0.532757,0.37909,0.506029,0.455066,0.496525,0.517506,0.545701,0.404995,0.345771,0.371607,,,,
10.97,0.493763,0.518928,0.526246,0.37636,0.502665,0.452629,0.494441,0.516202,0.546393,0.403959,0.343597,0.366588,,,,
11.07,0.492004,0.515914,0.522658,0.37561,0.487833,0.447712,0.490362,0.512238,0.538899,0.402326,0.340032,0.362987,,,,
11.16,0.489583,0.511473,0.519342,0.37244,0.477883,0.439689,0.485909,0.512111,0.536152,0.402327,0.340264,0.357036,,,,
11.26,0.486054,0.509423,0.513113,0.365503,0.469112,0.43317,0.480147,0.50466,0.53471,0.402307,0.337419,0.357611,,,,
11.36,0.484675,0.508473,0.511788,0.364363,0.461178,0.430047,0.477355,0.503259,0.527111,0.404532,0.33622,0.352885,,,,
11.46,0.478915,0.504896,0.50679,0.361959,0.451339,0.42957,0.475139,0.498397,0.52262,0.403524,0.335182,0.347431,,,,
11.55,0.477031,0.501727,0.502823,0.358765,0.443726,0.421895,0.472223,0.494408,0.520086,0.405262,0.335185,0.344859,,,,
11.65,0.474444,0.500553,0.504452,0.355502,0.443187,0.411728,0.46873,0.492591,0.518308,0.407231,0.334873,0.341965,,,,
11.75,0.472427,0.497599,0.497428,0.353628,0.436417,0.407494,0.468177,0.489731,0.516555,0.408603,0.335139,0.336951,,,,
11.84,0.468546,0.494833,0.493014,0.351317,0.429011,0.407538,0.463361,0.48789,0.51124,0.410935,0.335871,0.334244,,,,
11.94,0.467012,0.492601,0.491823,0.348574,0.428089,0.403021,0.462717,0.484685,0.507031,0.413464,0.337441,0.332159,,,,
12.03,0.464806,0.489717,0.490384,0.346498,0.417697,0.396162,0.457933,0.482343,0.502303,0.418316,0.337234,0.330818,,,,
12.13,0.461779,0.487832,0.486357,0.344565,0.417989,0.39145,0.454468,0.480528,0.500314,0.422335,0.341618,0.328612,,,,
12.22,0.460597,0.484873,0.483709,0.342793,0.408779,0.391464,0.451677,0.478368,0.496715,0.42676,0.343532,0.327254,,,,
12.32,0.456846,0.483605,0.480555,0.341829,0.402149,0.389329,0.45011,0.47647,0.498152,0.432923,0.346501,0.323242,,,,
12.42,0.455094,0.478764,0.478676,0.338901,0.399363,0.385195,0.445196,0.475227,0.494624,0.441555,0.350329,0.321872,,,,
12.51,0.450589,0.478602,0.475697,0.339553,0.396397,0.385193,0.444186,0.473397,0.493528,0.447276,0.353897,0.319482,,,,
12.61,0.450483,0.474692,0.474091,0.336789,0.398932,0.380976,0.441641,0.473057,0.49232,0.454655,0.357775,0.318677,,,,
12.71,0.447833,0.474609,0.469226,0.337954,0.396901,0.377996,0.441067,0.472651,0.49106,0.468826,0.362492,0.317865,,,,
12.81,0.445772,0.469818,0.467515,0.337994,0.39133,0.381028,0.439637,0.471623,0.490679,0.482922,0.367037,0.316435,,,,
12.9,0.44239,0.470614,0.466275,0.338067,0.389337,0.378448,0.437785,0.471624,0.49031,0.496746,0.372403,0.317269,,,,
13,0.440964,0.465169,0.463972,0.338058,0.381066,0.375607,0.435892,0.471807,0.490415,0.519065,0.380878,0.316918,,,,
13.1,0.436928,0.464178,0.461116,0.338143,0.377552,0.375983,0.437477,0.471813,0.4917,0.542137,0.38889,0.317877,,,,
13.19,0.4352,0.461053,0.459121,0.340109,0.374579,0.372947,0.434866,0.472646,0.492729,0.572446,0.399377,0.318394,,,,
13.29,0.432716,0.460239,0.457359,0.341629,0.374015,0.372264,0.435346,0.472989,0.494769,0.599548,0.409645,0.320353,,,,
13.38,0.431828,0.457486,0.456349,0.344794,0.376726,0.375227,0.435338,0.473884,0.495774,0.634779,0.423429,0.32171,,,,
13.48,0.428852,0.456034,0.454639,0.349152,0.376643,0.379883,0.434136,0.476096,0.498213,0.688513,0.441257,0.32599,,,,
13.58,0.429296,0.454336,0.453198,0.354596,0.37295,0.374701,0.434874,0.477259,0.500016,0.734863,0.461811,0.328711,,,,
13.67,0.426811,0.453556,0.452234,0.362436,0.371729,0.373367,0.4364,0.480662,0.50409,0.783027,0.485842,0.335093,,,,
13.77,0.42538,0.452723,0.45233,0.37129,0.370116,0.374637,0.437236,0.483676,0.508668,0.857304,0.512205,0.340442,,,,
13.86,0.424634,0.44932,0.45285,0.384053,0.369536,0.3766,0.43883,0.488026,0.513261,0.925506,0.543759,0.349716,,,,
13.96,0.4244,0.447999,0.453213,0.399206,0.36858,0.376068,0.439728,0.49325,0.519259,0.983784,0.582272,0.359023,,,,
14.06,0.42436,0.448983,0.454692,0.419115,0.368017,0.380102,0.443284,0.501113,0.525606,1.077807,0.62851,0.373004,,,,
14.16,0.424908,0.445657,0.458972,0.441308,0.367048,0.380151,0.446693,0.509263,0.534931,1.156356,0.681823,0.389832,,,,
14.25,0.425603,0.44497,0.463709,0.468646,0.368309,0.382307,0.452519,0.521088,0.545518,1.21338,0.738131,0.410465,,,,
14.35,0.429016,0.445248,0.470091,0.498512,0.369353,0.385274,0.457311,0.538085,0.558997,1.298361,0.798015,0.433234,,,,
14.45,0.432889,0.445324,0.47892,0.532386,0.370427,0.384797,0.464959,0.548649,0.574894,1.367755,0.863548,0.46241,,,,
14.54,0.437804,0.446437,0.489853,0.569971,0.371328,0.388711,0.474152,0.567705,0.594181,1.438134,0.930312,0.4971,,,,
14.64,0.443835,0.448118,0.503825,0.607285,0.373858,0.391546,0.484194,0.590371,0.616051,1.506265,1.012482,0.536953,,,,
14.73,0.452721,0.451633,0.520297,0.650819,0.375937,0.393073,0.498217,0.615083,0.641538,1.543584,1.085466,0.580303,,,,
14.83,0.466017,0.455859,0.539951,0.692705,0.378594,0.397723,0.512854,0.643106,0.669313,1.584011,1.164598,0.631508,,,,
14.93,0.479943,0.461628,0.563486,0.737576,0.381068,0.401396,0.531534,0.673842,0.70121,1.607332,1.233202,0.684855,,,,
15.02,0.497597,0.469031,0.590144,0.773844,0.386361,0.403364,0.551408,0.708602,0.73555,1.613997,1.288164,0.744292,,,,
15.12,0.520027,0.477151,0.619687,0.811362,0.388973,0.408077,0.576197,0.74327,0.773931,1.616371,1.342437,0.80305,,,,
15.21,0.546703,0.487227,0.653241,0.846331,0.394302,0.416331,0.599009,0.781597,0.81433,1.615151,1.396721,0.86964,,,,
15.31,0.574833,0.500367,0.686612,0.874665,0.399082,0.423164,0.6259,0.81884,0.854795,1.603703,1.441713,0.929293,,,,
15.41,0.610292,0.51704,0.725549,0.899594,0.40654,0.435928,0.655924,0.857079,0.897431,1.586543,1.467045,0.988525,,,,
15.5,0.647106,0.536493,0.76423,0.920403,0.413497,0.448043,0.684357,0.896303,0.941249,1.557588,1.482104,1.044467,,,,
15.6,0.687196,0.558547,0.80387,0.931955,0.423777,0.458724,0.714119,0.934768,0.984221,1.517937,1.493679,1.097345,,,,
15.7,0.734513,0.583495,0.843103,0.940129,0.436125,0.478986,0.74897,0.971927,1.02534,1.47663,1.488029,1.141247,,,,
15.8,0.780223,0.611592,0.883968,0.941138,0.451174,0.501631,0.775895,1.005521,1.065782,1.426278,1.46992,1.184182,,,,
15.89,0.830329,0.643906,0.921587,0.937319,0.471013,0.537092,0.808766,1.038006,1.099434,1.378357,1.442887,1.218706,,,,
15.99,0.880798,0.679292,0.95878,0.925254,0.495583,0.570286,0.838596,1.065286,1.130956,1.333021,1.423082,1.244862,,,,
16.08,0.935204,0.718081,0.997558,0.908416,0.525725,0.602519,0.866987,1.088664,1.163713,1.280749,1.385327,1.262025,,,,
16.18,0.987201,0.759139,1.033964,0.889445,0.561123,0.652707,0.896018,1.107497,1.188768,1.228856,1.346592,1.271467,,,,
16.28,1.035378,0.800601,1.064875,0.864912,0.60359,0.706282,0.918744,1.126494,1.209129,1.177323,1.3075,1.275358,,,,
16.37,1.079874,0.844991,1.096872,0.838429,0.651895,0.769431,0.943589,1.138383,1.225004,1.129986,1.240814,1.270384,,,,
16.47,1.123119,0.892232,1.124697,0.809473,0.706573,0.832309,0.965364,1.144442,1.234015,1.080923,1.184577,1.259087,,,,
16.56,1.162081,0.937957,1.14575,0.781211,0.765686,0.889553,0.985257,1.145761,1.235328,1.038568,1.140094,1.236824,,,,
16.66,1.195846,0.983638,1.16514,0.750141,0.830162,0.949648,1.002408,1.139953,1.231593,0.994089,1.091738,1.211137,,,,
16.76,1.218876,1.02508,1.182813,0.722191,0.897666,1.010107,1.016934,1.128495,1.22247,0.953031,1.05152,1.183024,,,,
16.85,1.23566,1.062255,1.191643,0.691151,0.965917,1.073003,1.026472,1.113795,1.206277,0.91088,0.992093,1.154023,,,,
16.95,1.244869,1.096766,1.199549,0.662574,1.031308,1.123158,1.033306,1.092084,1.186196,0.875467,0.938931,1.116546,,,,
17.05,1.245932,1.12478,1.200437,0.636339,1.095722,1.160879,1.03728,1.065621,1.161712,0.839986,0.893469,1.072395,,,,
17.15,1.234812,1.145496,1.198972,0.613531,1.152844,1.193272,1.038059,1.037231,1.133174,0.809701,0.855621,1.031118,,,,
17.24,1.219218,1.159105,1.190733,0.58907,1.204047,1.224321,1.033694,1.005453,1.101523,0.779609,0.811401,0.987715,,,,
17.34,1.195213,1.165947,1.176798,0.568493,1.245565,1.248817,1.023923,0.971907,1.069188,0.753181,0.779803,0.942631,,,,
17.44,1.165844,1.16405,1.159483,0.548905,1.280773,1.251932,1.012427,0.937159,1.035927,0.724799,0.748258,0.906085,,,,
17.53,1.130627,1.155846,1.134353,0.531963,1.304611,1.259635,0.995339,0.902085,0.998981,0.701778,0.718582,0.86095,,,,
17.63,1.094104,1.142679,1.108551,0.51614,1.319032,1.253975,0.975324,0.868258,0.966094,0.677103,0.68905,0.823955,,,,
17.72,1.05405,1.123255,1.079051,0.503196,1.323385,1.241604,0.954369,0.836301,0.930965,0.657006,0.657491,0.784479,,,,
17.82,1.012111,1.097214,1.046076,0.492008,1.316433,1.226501,0.929625,0.80506,0.897183,0.639643,0.631831,0.750832,,,,
17.91,0.968758,1.069992,1.013473,0.479852,1.303316,1.203952,0.903234,0.775989,0.86558,0.622339,0.607617,0.714933,,,,
18.01,0.927941,1.040768,0.981194,0.469946,1.277424,1.175662,0.876063,0.748307,0.836729,0.606885,0.584873,0.684523,,,,
18.11,0.886075,1.005428,0.948046,0.461492,1.249255,1.13086,0.84677,0.723763,0.807743,0.589264,0.563291,0.653054,,,,
18.2,0.84663,0.972377,0.916196,0.454122,1.211884,1.094505,0.817242,0.700286,0.779894,0.575967,0.546281,0.620292,,,,
18.3,0.809261,0.939618,0.885416,0.447705,1.17079,1.052081,0.789996,0.681402,0.754413,0.562082,0.530963,0.594022,,,,
18.4,0.770905,0.902748,0.856835,0.442318,1.123879,1.009143,0.763141,0.659634,0.733201,0.551458,0.515944,0.571916,,,,
18.5,0.735307,0.8666,0.827962,0.437131,1.080597,0.965411,0.737098,0.644619,0.712056,0.541087,0.503133,0.551518,,,,
18.59,0.702184,0.832651,0.802879,0.432197,1.034842,0.922875,0.712647,0.629105,0.69226,0.531779,0.490993,0.529463,,,,
18.69,0.674053,0.800084,0.778215,0.429004,0.98789,0.882088,0.691547,0.617834,0.67889,0.52403,0.479898,0.511031,,,,
18.79,0.647563,0.767408,0.75635,0.4257,0.936255,0.844368,0.669181,0.606451,0.664351,0.516433,0.468403,0.499247,,,,
18.88,0.626447,0.739161,0.737069,0.419743,0.890934,0.805864,0.65051,0.597072,0.652733,0.510279,0.459594,0.4828,,,,
18.98,0.605839,0.710866,0.719234,0.416566,0.841131,0.764791,0.63458,0.590818,0.643189,0.507639,0.450451,0.466799,,,,
19.07,0.58902,0.685513,0.702766,0.413015,0.796397,0.729762,0.618055,0.584377,0.635487,0.502096,0.442358,0.45192,,,,
19.17,0.576909,0.662736,0.687136,0.408507,0.75568,0.70249,0.605663,0.577748,0.625971,0.499513,0.435774,0.444893,,,,
19.27,0.564924,0.64356,0.672163,0.40395,0.719657,0.676151,0.593093,0.572756,0.61855,0.497218,0.429191,0.431882,,,,
19.36,0.554463,0.627008,0.660441,0.400313,0.685718,0.648472,0.583629,0.567984,0.611114,0.497613,0.426395,0.421631,,,,
19.46,0.549116,0.611519,0.650527,0.396427,0.657407,0.624777,0.573883,0.564427,0.606012,0.499565,0.422101,0.407716,,,,
19.55,0.544402,0.599222,0.641346,0.39381,0.634964,0.604374,0.566663,0.560756,0.601102,0.502421,0.419646,0.397052,,,,
19.65,0.54004,0.58818,0.631437,0.391462,0.615585,0.591544,0.559531,0.556641,0.594227,0.506745,0.41828,0.387685,,,,
19.75,0.540184,0.579123,0.62657,0.389514,0.591252,0.579294,0.553554,0.552834,0.59055,0.510985,0.418116,0.38558,,,,
19.85,0.540815,0.571091,0.61936,0.388291,0.572638,0.562944,0.546294,0.550286,0.586288,0.518421,0.420636,0.381022,,,,
19.94,0.541365,0.566665,0.614858,0.389506,0.558261,0.550381,0.540161,0.547059,0.581656,0.525621,0.422012,0.377758,,,,
20.04,0.544593,0.562043,0.611769,0.389912,0.543557,0.538529,0.534667,0.544992,0.578662,0.535754,0.424781,0.377063,,,,
20.14,0.547819,0.557892,0.60891,0.391421,0.527999,0.527695,0.528714,0.542137,0.574519,0.547183,0.432492,0.371809,,,,
20.23,0.55287,0.555955,0.606584,0.393476,0.513362,0.518718,0.525087,0.540646,0.571741,0.561767,0.436783,0.36804,,,,
20.33,0.558499,0.556348,0.605007,0.396949,0.503836,0.509688,0.52236,0.538597,0.569055,0.576204,0.444059,0.364639,,,,
20.42,0.562052,0.556604,0.602738,0.402082,0.495081,0.50115,0.517317,0.538857,0.566953,0.595863,0.452687,0.36244,,,,
20.52,0.566213,0.557597,0.602305,0.40674,0.483189,0.491193,0.512072,0.536181,0.565735,0.618148,0.462142,0.360666,,,,
20.62,0.570796,0.557106,0.598521,0.412613,0.474592,0.483159,0.508416,0.53464,0.564403,0.646236,0.472237,0.36029,,,,
20.71,0.574683,0.559318,0.593682,0.420079,0.468081,0.475576,0.505413,0.534158,0.563806,0.67969,0.484188,0.362138,,,,
20.81,0.578602,0.563317,0.590425,0.42808,0.461398,0.46652,0.503301,0.535493,0.561784,0.723612,0.497659,0.36434,,,,
20.9,0.582111,0.565702,0.587237,0.437634,0.455141,0.462021,0.502182,0.534855,0.561032,0.774487,0.511371,0.370194,,,,
21,0.58709,0.567773,0.584703,0.447142,0.448746,0.455627,0.503459,0.536037,0.562753,0.830871,0.527458,0.374461,,,,
21.1,0.590234,0.56873,0.583524,0.459233,0.444572,0.451706,0.503547,0.538118,0.562329,0.896398,0.547239,0.379591,,,,
21.2,0.595103,0.570156,0.583096,0.471904,0.437945,0.448845,0.501647,0.541727,0.564441,0.969101,0.569265,0.385789,,,,
21.29,0.59915,0.572344,0.582671,0.487652,0.434956,0.444279,0.502412,0.545844,0.567417,1.05038,0.595583,0.396202,,,,
21.39,0.604556,0.575486,0.584106,0.505565,0.430804,0.443822,0.504299,0.550615,0.57139,1.13324,0.627886,0.406359,,,,
21.49,0.611097,0.576743,0.585912,0.527036,0.428441,0.441555,0.507789,0.556409,0.576524,1.217316,0.665023,0.420041,,,,
21.58,0.619369,0.577962,0.587269,0.551588,0.427762,0.444218,0.508362,0.563715,0.582438,1.298508,0.708873,0.436921,,,,
21.68,0.629644,0.580704,0.590383,0.578828,0.425842,0.445639,0.512056,0.570933,0.589746,1.375626,0.757924,0.457131,,,,
21.78,0.640512,0.58385,0.59415,0.611203,0.424964,0.449609,0.516797,0.580291,0.598585,1.445175,0.813903,0.481352,,,,
21.87,0.653766,0.587131,0.597796,0.646338,0.427635,0.45283,0.522274,0.589931,0.607581,1.505153,0.873546,0.510635,,,,
21.97,0.667985,0.591764,0.603029,0.68277,0.427024,0.457575,0.528525,0.600439,0.618284,1.554993,0.938213,0.545113,,,,
22.06,0.683892,0.597547,0.608679,0.725086,0.429578,0.464291,0.534462,0.611685,0.630876,1.59343,1.00427,0.586493,,,,
22.16,0.701668,0.604604,0.615613,0.761332,0.433333,0.46958,0.54239,0.625228,0.645262,1.619702,1.072344,0.630511,,,,
22.25,0.720175,0.612561,0.624345,0.803443,0.437784,0.478229,0.550262,0.640099,0.662183,1.632596,1.134817,0.682118,,,,
22.35,0.73844,0.622193,0.634172,0.839776,0.440459,0.484994,0.559934,0.656988,0.6811,1.635595,1.197215,0.73948,,,,
22.45,0.757438,0.632723,0.646753,0.870782,0.44862,0.492426,0.571632,0.676637,0.705269,1.631479,1.248643,0.800048,,,,
22.55,0.777294,0.645937,0.66292,0.902627,0.45295,0.501353,0.585542,0.698694,0.730178,1.621309,1.293313,0.863841,,,,
22.64,0.798091,0.658827,0.681741,0.928422,0.458227,0.507599,0.600971,0.724104,0.76047,1.599759,1.334116,0.930168,,,,
22.74,0.818202,0.673242,0.705113,0.943732,0.465151,0.516786,0.619678,0.751368,0.792584,1.572743,1.364842,0.995457,,,,
22.84,0.83878,0.688117,0.734057,0.957343,0.47189,0.526017,0.640866,0.781869,0.830014,1.542275,1.38618,1.058821,,,,
22.93,0.859704,0.704396,0.768693,0.966012,0.480876,0.534372,0.665807,0.813252,0.867492,1.506039,1.393609,1.119769,,,,
23.03,0.880315,0.7215,0.807549,0.96779,0.492943,0.544546,0.693779,0.846428,0.908065,1.46689,1.396962,1.174943,,,,
23.13,0.901504,0.739585,0.852613,0.963957,0.50363,0.556792,0.723098,0.878225,0.950045,1.430994,1.39124,1.22496,,,,
23.22,0.921968,0.757542,0.903107,0.957245,0.517438,0.570744,0.754506,0.910556,0.992591,1.39291,1.379723,1.267375,,,,
23.32,0.943565,0.776821,0.955546,0.946074,0.537141,0.588492,0.786898,0.940409,1.032641,1.350808,1.36052,1.301564,,,,
23.41,0.964676,0.796126,1.013423,0.93292,0.561709,0.608398,0.819314,0.968096,1.073415,1.311832,1.338877,1.327603,,,,
23.51,0.986087,0.816441,1.072912,0.917389,0.592674,0.638513,0.850881,0.992749,1.109777,1.271902,1.31904,1.345567,,,,
23.6,1.007247,0.8373,1.132455,0.899108,0.631707,0.67366,0.880946,1.014267,1.143518,1.236235,1.299054,1.357426,,,,
23.7,1.027844,0.858929,1.189561,0.878191,0.676967,0.715632,0.910314,1.033055,1.173436,1.19903,1.268893,1.36001,,,,
23.8,1.04722,0.881236,1.24586,0.857256,0.735403,0.765163,0.935775,1.046988,1.198812,1.160523,1.233092,1.3555,,,,
23.9,1.065142,0.904307,1.297892,0.837046,0.796378,0.816702,0.95887,1.057306,1.220863,1.124587,1.194569,1.343622,,,,
23.99,1.081459,0.928317,1.343241,0.816705,0.864714,0.873462,0.978403,1.063077,1.238062,1.087077,1.157315,1.328835,,,,
24.09,1.094048,0.952141,1.382001,0.793277,0.936788,0.930627,0.994404,1.066372,1.247966,1.054008,1.117961,1.306131,,,,
24.19,1.102986,0.975617,1.412465,0.771901,1.00547,0.986163,1.007013,1.065281,1.25467,1.020244,1.084915,1.279421,,,,
24.28,1.107973,0.999275,1.434761,0.750438,1.072006,1.038751,1.015993,1.060352,1.254158,0.988886,1.048447,1.251023,,,,
24.38,1.109885,1.021038,1.449304,0.729421,1.130008,1.084072,1.021626,1.051728,1.250091,0.954001,1.016277,1.22031,,,,
24.48,1.107134,1.040664,1.455271,0.70941,1.181404,1.125324,1.023385,1.039749,1.241285,0.923511,0.982147,1.185434,,,,
24.57,1.099997,1.057933,1.45354,0.688728,1.222605,1.156604,1.020582,1.025144,1.226938,0.893843,0.949107,1.150367,,,,
24.67,1.088689,1.071273,1.443759,0.668986,1.253252,1.179053,1.015428,1.008718,1.20981,0.867755,0.91779,1.114918,,,,
24.76,1.073476,1.081045,1.426454,0.651721,1.273053,1.192394,1.00711,0.990287,1.189465,0.839405,0.887435,1.081994,,,,
24.86,1.055421,1.086997,1.403863,0.634828,1.28192,1.198616,0.996366,0.969496,1.166235,0.814554,0.858459,1.045713,,,,
24.96,1.034916,1.088064,1.376345,0.620574,1.283336,1.194976,0.982847,0.948692,1.141695,0.791389,0.829253,1.010298,,,,
25.05,1.012248,1.085502,1.347378,0.606883,1.27578,1.18578,0.966889,0.92559,1.115994,0.768208,0.801078,0.976797,,,,
25.15,0.986873,1.078646,1.312687,0.593491,1.263793,1.172304,0.949185,0.904759,1.088762,0.746472,0.775778,0.943965,,,,
25.25,0.963185,1.068345,1.28022,0.580261,1.249513,1.154869,0.930424,0.881497,1.059504,0.727017,0.751054,0.910125,,,,
25.34,0.935003,1.055052,1.244285,0.570035,1.225157,1.132189,0.911576,0.861375,1.032187,0.711752,0.727805,0.882076,,,,
25.44,0.911868,1.039509,1.208955,0.56033,1.200023,1.107274,0.890482,0.839281,1.002087,0.695297,0.706238,0.848573,,,,
25.54,0.889718,1.022143,1.171122,0.550348,1.173027,1.081959,0.872263,0.817841,0.97618,0.679909,0.685326,0.820678,,,,
25.63,0.864851,1.00398,1.137693,0.542048,1.146848,1.054127,0.853468,0.797623,0.947107,0.667122,0.665981,0.792526,,,,
25.73,0.843335,0.982647,1.102976,0.536341,1.116777,1.027109,0.830979,0.778987,0.92121,0.653397,0.646578,0.766256,,,,
25.83,0.822002,0.96239,1.071512,0.529719,1.087477,0.999765,0.811804,0.760978,0.895198,0.643664,0.631454,0.741732,,,,
25.92,0.803895,0.94216,1.039247,0.524027,1.056753,0.96991,0.791409,0.744556,0.87205,0.637749,0.614575,0.71511,,,,
26.02,0.786534,0.920441,1.012405,0.519966,1.028541,0.941988,0.774679,0.729519,0.850679,0.634119,0.598917,0.691487,,,,
26.11,0.769676,0.899277,0.985185,0.514783,1.001483,0.913876,0.755539,0.715739,0.830067,0.630566,0.585187,0.670351,,,,
26.21,0.755895,0.88136,0.958735,0.512751,0.969382,0.885769,0.739532,0.70536,0.811456,0.628032,0.577355,0.650616,,,,
26.31,0.743148,0.863441,0.938343,0.509132,0.939652,0.859532,0.722964,0.694103,0.796234,0.624445,0.568129,0.623769,,,,
26.4,0.73038,0.84678,0.914472,0.508194,0.914378,0.834814,0.707737,0.686276,0.778116,0.62218,0.559368,0.606417,,,,
26.5,0.721816,0.829053,0.892927,0.506427,0.890017,0.809276,0.693183,0.679168,0.762889,0.621449,0.551938,0.589829,,,,
26.6,0.714015,0.815838,0.874877,0.505808,0.863547,0.785766,0.680927,0.672592,0.747803,0.62272,0.547375,0.576842,,,,
26.69,0.706814,0.800866,0.856715,0.505173,0.837425,0.764009,0.667314,0.668204,0.736258,0.623044,0.542874,0.565409,,,,
26.79,0.700862,0.78956,0.842779,0.505846,0.817701,0.742989,0.65893,0.66226,0.726342,0.627898,0.540819,0.557697,,,,
26.89,0.697329,0.77773,0.827182,0.507539,0.795925,0.723484,0.647997,0.66004,0.717465,0.635312,0.539994,0.550443,,,,
26.98,0.694242,0.770261,0.815821,0.510143,0.773698,0.703827,0.640156,0.657029,0.71076,0.646098,0.540337,0.544704,,,,
27.08,0.693406,0.761224,0.803,0.51415,0.754473,0.685311,0.633587,0.655107,0.704057,0.662364,0.541375,0.541518,,,,
27.18,0.693172,0.755034,0.795138,0.520109,0.735845,0.668906,0.626953,0.656707,0.70019,0.68621,0.543383,0.538411,,,,
27.27,0.695177,0.748994,0.785493,0.528821,0.717193,0.652741,0.6246,0.657467,0.695386,0.719737,0.549621,0.534965,,,,
27.37,0.698922,0.745119,0.780222,0.540135,0.701324,0.637784,0.619147,0.660627,0.691875,0.769323,0.554109,0.533486,,,,
27.47,0.702867,0.741849,0.776882,0.556043,0.685081,0.624494,0.616359,0.664701,0.690191,0.840808,0.562108,0.531405,,,,
27.56,0.706488,0.739074,0.773401,0.578236,0.67188,0.609846,0.613332,0.669041,0.689663,0.943808,0.57413,0.531744,,,,
27.66,0.711401,0.739608,0.770582,0.608936,0.659922,0.59811,0.613171,0.675623,0.691239,1.087128,0.589297,0.533401,,,,
27.75,0.717361,0.73953,0.77039,0.654326,0.647728,0.586825,0.61395,0.682282,0.690633,1.273602,0.613253,0.535029,,,,
27.85,0.725492,0.741361,0.770966,0.715318,0.636936,0.576972,0.614038,0.690002,0.693217,1.508293,0.642787,0.537262,,,,
27.95,0.733534,0.744162,0.773619,0.805464,0.62798,0.566411,0.616684,0.698852,0.697871,1.804205,0.690489,0.541178,,,,
28.04,0.742779,0.748854,0.776558,0.926834,0.618824,0.556153,0.621081,0.708773,0.703149,2.144712,0.762203,0.548969,,,,
28.14,0.753127,0.753611,0.781609,1.093477,0.611433,0.549105,0.625365,0.71858,0.708939,2.523097,0.857111,0.557003,,,,
28.24,0.764761,0.760207,0.786739,1.310848,0.606149,0.544169,0.630575,0.730364,0.716066,2.928387,0.989645,0.573462,,,,
28.33,0.776877,0.767928,0.793107,1.59413,0.59975,0.538962,0.637481,0.741785,0.723812,3.323864,1.167873,0.593192,,,,
28.43,0.790913,0.776544,0.80165,1.931145,0.596119,0.533454,0.645643,0.755209,0.733646,3.713155,1.391288,0.624611,,,,
28.53,0.805368,0.78583,0.810959,2.320085,0.590639,0.530846,0.653532,0.769399,0.74303,4.089483,1.664767,0.664363,,,,
28.62,0.82184,0.796181,0.819677,2.720707,0.586274,0.527367,0.662698,0.784347,0.753888,4.402182,2.003012,0.727376,,,,
28.72,0.8395,0.808188,0.830196,3.155794,0.584523,0.524643,0.673655,0.800208,0.765061,4.674748,2.38108,0.826526,,,,
28.82,0.858293,0.820727,0.84148,3.592677,0.581383,0.5226,0.684051,0.817593,0.776926,4.906229,2.788662,0.931278,,,,
28.91,0.87768,0.834256,0.85345,3.987858,0.581186,0.523624,0.696171,0.835287,0.789757,5.079998,3.208363,1.072586,,,,
29.01,0.898693,0.848868,0.866981,4.36892,0.58249,0.523233,0.708116,0.853675,0.803502,5.206429,3.614824,1.265578,,,,
29.1,0.921805,0.86424,0.880399,4.673342,0.58569,0.52545,0.721688,0.87385,0.817392,5.29772,3.99962,1.488439,,,,
29.2,0.945732,0.881634,0.894404,4.938301,0.590472,0.529418,0.735521,0.894993,0.833203,5.350757,4.3475,1.752836,,,,
29.3,0.971318,0.900091,0.910593,5.147125,0.598432,0.534999,0.751201,0.917728,0.848923,5.378107,4.653739,2.049714,,,,
29.39,0.997428,0.919276,0.927601,5.330218,0.608607,0.542626,0.765303,0.943207,0.866198,5.377787,4.907708,2.367999,,,,
29.49,1.026881,0.939705,0.946234,5.449299,0.624685,0.55182,0.781687,0.969448,0.884682,5.354515,5.127568,2.68974,,,,
29.59,1.058663,0.962534,0.966184,5.520523,0.645664,0.564965,0.799437,0.999041,0.904595,5.310966,5.29446,3.00577,,,,
29.68,1.092895,0.985997,0.986953,5.573775,0.674784,0.58185,0.818189,1.03278,0.927216,5.243259,5.400854,3.311774,,,,
29.78,1.129103,1.011337,1.010249,5.599135,0.721234,0.604542,0.837828,1.070951,0.953159,5.17828,5.476677,3.612273,,,,
29.88,1.171276,1.037915,1.035616,5.600183,0.787963,0.635886,0.859327,1.114571,0.982085,5.095394,5.527678,3.866183,,,,
29.97,1.218054,1.066696,1.064588,5.576059,0.888767,0.68475,0.882462,1.165003,1.01567,4.992395,5.54108,4.071427,,,,
30.07,1.271042,1.099427,1.097767,5.529568,1.033803,0.748423,0.908959,1.224463,1.053544,4.89751,5.531274,4.251207,,,,
30.17,1.333867,1.133346,1.135553,5.465908,1.237382,0.845999,0.938594,1.294543,1.097686,4.7832,5.50083,4.38677,,,,
30.26,1.404821,1.170539,1.177714,5.396643,1.498531,0.987071,0.971988,1.37598,1.149033,4.658778,5.455411,4.47741,,,,
30.36,1.488139,1.212908,1.227931,5.316619,1.846672,1.179481,1.011819,1.467315,1.209956,4.534414,5.387239,4.547164,,,,
30.46,1.58098,1.257972,1.285528,5.215744,2.254628,1.436487,1.056937,1.575287,1.278103,4.408461,5.308129,4.58619,,,,
30.55,1.688866,1.309547,1.351294,5.10586,2.725615,1.766861,1.108796,1.693933,1.355614,4.280563,5.220539,4.600592,,,,
30.65,1.812019,1.366312,1.427118,4.991534,3.223205,2.156356,1.169034,1.822485,1.444692,4.144254,5.112995,4.59429,,,,
30.74,1.947904,1.433845,1.516162,4.876235,3.746616,2.618124,1.238574,1.962299,1.543202,4.004,5.010611,4.57232,,,,
30.84,2.096763,1.507568,1.608956,4.749907,4.214131,3.120165,1.314858,2.11447,1.644781,3.87836,4.9023,4.520953,,,,
30.94,2.267329,1.58847,1.712759,4.633809,4.689928,3.656799,1.403571,2.262407,1.754213,3.750069,4.77887,4.464172,,,,
31.03,2.457954,1.683184,1.827738,4.528546,5.092211,4.198624,1.498144,2.416385,1.873562,3.627069,4.651315,4.389285,,,,
31.13,2.657777,1.788321,1.947658,4.272874,5.448831,4.696699,1.597863,2.571701,1.993696,3.508918,4.518299,4.304784,,,,
31.23,2.856985,1.901808,2.069714,4.057099,5.755882,5.117988,1.700512,2.723797,2.114816,3.403256,4.38544,4.212714,,,,
31.32,3.065238,2.033377,2.196147,3.925424,5.975255,5.520926,1.815924,2.867824,2.23226,3.313131,4.259643,4.105126,,,,
31.42,3.261701,2.17496,2.323298,3.809822,6.181383,5.854621,1.925199,3.004405,2.350085,3.222569,4.125559,3.996692,,,,
31.52,3.457492,2.32325,2.447607,3.707131,6.330849,6.133844,2.036956,3.135794,2.460594,3.135418,3.99223,3.880333,,,,
31.61,3.648042,2.484273,2.568938,3.625353,6.411198,6.350925,2.148241,3.253128,2.561847,3.060564,3.864511,3.761853,,,,
31.71,3.824518,2.656901,2.692116,3.542221,6.483653,6.505338,2.254857,3.359315,2.653827,2.986156,3.742439,3.643732,,,,
31.81,3.980277,2.831886,2.806426,3.457649,6.504569,6.619065,2.361192,3.456688,2.734174,2.915158,3.630466,3.519068,,,,
31.9,4.130488,3.000882,2.909876,3.368819,6.49741,6.702576,2.464173,3.539234,2.797302,2.847528,3.528175,3.401893,,,,
32,4.263321,3.195122,3.013673,3.278628,6.473017,6.741488,2.562785,3.609663,2.85019,2.780595,3.428717,3.294361,,,,
32.09,4.38417,3.371741,3.107941,3.201058,6.438758,6.751721,2.657812,3.668636,2.887946,2.714095,3.331681,3.18286,,,,
32.19,4.477724,3.544543,3.194685,3.118776,6.385467,6.739336,2.740398,3.71421,2.911206,2.651102,3.247422,3.080302,,,,
32.29,4.565553,3.709446,3.267502,3.036518,6.325268,6.709212,2.825086,3.752254,2.91604,2.58715,3.160967,2.988851,,,,
32.38,4.626064,3.87071,3.337441,2.96754,6.248687,6.643043,2.899534,3.769949,2.914717,2.52718,3.082804,2.90542,,,,
32.48,4.679271,4.011999,3.398243,2.893376,6.147096,6.581212,2.966462,3.780411,2.893021,2.464975,3.004832,2.829566,,,,
32.58,4.711004,4.147695,3.450742,2.817142,6.05104,6.499237,3.024827,3.778936,2.861816,2.40403,2.938797,2.753959,,,,
32.67,4.729519,4.275278,3.498817,2.739748,5.961509,6.410182,3.080042,3.768051,2.816826,2.341236,2.869905,2.691691,,,,
32.77,4.736204,4.380195,3.538327,2.671442,5.848445,6.307842,3.123178,3.746434,2.760925,2.278749,2.804873,2.620918,,,,
32.87,4.726098,4.472114,3.571667,2.602237,5.735258,6.192233,3.168523,3.715909,2.695414,2.219756,2.739594,2.554769,,,,
32.96,4.705815,4.545512,3.599501,2.531278,5.621069,6.072112,3.19954,3.678322,2.627334,2.159196,2.669227,2.489589,,,,
33.06,4.670521,4.60629,3.623904,2.467674,5.497532,5.944416,3.223202,3.631893,2.547524,2.108345,2.609777,2.42789,,,,
33.16,4.629841,4.649137,3.642232,2.402391,5.36656,5.810142,3.244183,3.576994,2.465614,2.051896,2.54144,2.360106,,,,
33.25,4.580493,4.676132,3.655804,2.337838,5.228082,5.68089,3.260547,3.514031,2.380261,1.998048,2.475958,2.302965,,,,
33.35,4.522412,4.693112,3.665232,2.277481,5.080224,5.546217,3.270081,3.442013,2.300963,1.94328,2.41072,2.243666,,,,
33.44,4.447209,4.695292,3.674995,2.218209,4.945603,5.415997,3.272649,3.364622,2.215153,1.891942,2.347741,2.187246,,,,
33.54,4.371671,4.683393,3.677931,2.156302,4.802957,5.27543,3.27021,3.275961,2.135049,1.839042,2.282301,2.125851,,,,
33.64,4.285251,4.67041,3.674637,2.094724,4.674988,5.129787,3.269029,3.18329,2.059787,1.792237,2.220126,2.067458,,,,
33.73,4.197821,4.647044,3.669372,2.03453,4.54097,4.992029,3.261482,3.086956,1.99222,1.746573,2.160797,2.009738,,,,
33.83,4.099951,4.611433,3.664217,1.982575,4.412435,4.852101,3.246894,2.987109,1.922581,1.70291,2.109739,1.955417,,,,
33.93,3.997895,4.566366,3.651842,1.926938,4.304049,4.701862,3.228185,2.880726,1.862117,1.655407,2.049947,1.903991,,,,
34.02,3.887415,4.512356,3.635755,1.870165,4.191605,4.569327,3.205836,2.776272,1.802545,1.607025,1.999023,1.85057,,,,
34.12,3.780328,4.454634,3.616896,1.818311,4.078494,4.449621,3.182337,2.672877,1.749101,1.56363,1.946275,1.799676,,,,
34.22,3.666808,4.387521,3.594495,1.771619,3.991721,4.330382,3.15173,2.572916,1.694367,1.520395,1.892832,1.748505,,,,
34.31,3.547482,4.315775,3.56807,1.72539,3.915033,4.223574,3.115562,2.477072,1.646552,1.47768,1.847985,1.698032,,,,
34.41,3.426631,4.232969,3.539453,1.681103,3.814982,4.130268,3.074485,2.390308,1.603859,1.435029,1.79533,1.645479,,,,
34.51,3.312381,4.149358,3.502018,1.632243,3.719494,4.045292,3.026182,2.307773,1.556792,1.40021,1.749924,1.600089,,,,
34.6,3.196739,4.056269,3.463462,1.592981,3.640499,3.971015,2.971066,2.233993,1.512211,1.362363,1.698035,1.551907,,,,
34.7,3.085388,3.961731,3.416665,1.548336,3.567924,3.896998,2.907389,2.163653,1.470636,1.319971,1.649711,1.503571,,,,
34.79,2.985245,3.860407,3.364207,1.510274,3.491884,3.820813,2.835587,2.093979,1.43012,1.285493,1.603035,1.453749,,,,
34.89,2.88964,3.758261,3.299214,1.465019,3.419957,3.743942,2.755535,2.032307,1.391604,1.249715,1.562133,1.406123,,,,
34.99,2.800876,3.647871,3.228933,1.423986,3.349604,3.679207,2.664703,1.968372,1.353214,1.215025,1.512812,1.362316,,,,
35.08,2.713489,3.543164,3.147008,1.383391,3.271184,3.613256,2.569311,1.912268,1.318135,1.182405,1.473854,1.316008,,,,
35.18,2.640013,3.433532,3.053992,1.347518,3.191507,3.527409,2.467073,1.85682,1.280291,1.154161,1.435688,1.268888,,,,
35.28,2.562121,3.332174,2.952578,1.312699,3.128618,3.448773,2.369947,1.805835,1.248935,1.124582,1.393426,1.232996,,,,
35.37,2.487227,3.227488,2.841618,1.270501,3.05917,3.367819,2.271098,1.757484,1.215848,1.094199,1.351346,1.19287,,,,
35.47,2.418833,3.12585,2.723198,1.235924,2.998746,3.283747,2.178813,1.712486,1.186602,1.067422,1.317523,1.153708,,,,
35.57,2.356712,3.030973,2.611218,1.200295,2.940281,3.20694,2.09707,1.662823,1.155765,1.038534,1.279898,1.122943,,,,
35.66,2.295488,2.93716,2.4965,1.170146,2.891792,3.129972,2.018091,1.619146,1.128919,1.015263,1.243158,1.081696,,,,
35.76,2.238889,2.85385,2.394861,1.138441,2.831938,3.060324,1.950126,1.575751,1.097874,0.985349,1.207742,1.055387,,,,
35.86,2.183335,2.774005,2.295822,1.108008,2.766681,2.986256,1.887752,1.539434,1.070363,0.962009,1.174943,1.026791,,,,
35.95,2.1232,2.699523,2.209703,1.080214,2.702767,2.917877,1.830451,1.495444,1.042369,0.937318,1.137094,0.989526,,,,
36.05,2.066354,2.626315,2.129202,1.052899,2.640178,2.84833,1.764708,1.453472,1.018696,0.913621,1.10219,0.964954,,,,
36.15,2.01582,2.554941,2.052552,1.02542,2.573712,2.786508,1.706963,1.412835,0.993231,0.889571,1.071604,0.936937,,,,
36.24,1.970262,2.492677,1.977995,0.998458,2.504818,2.729272,1.657411,1.372817,0.967,0.867735,1.043813,0.90829,,,,
36.34,1.925483,2.432967,1.916144,0.969433,2.446176,2.670395,1.610075,1.331338,0.944386,0.845611,1.016114,0.884214,,,,
36.43,1.874918,2.372576,1.857998,0.947304,2.383982,2.59966,1.563239,1.29277,0.925207,0.824208,0.985232,0.854149,,,,
36.53,1.824033,2.308662,1.796638,0.923425,2.324905,2.533119,1.520681,1.256666,0.898279,0.804814,0.956443,0.833915,,,,
36.63,1.779458,2.253517,1.743554,0.899258,2.262084,2.470051,1.471565,1.220908,0.873626,0.785724,0.933463,0.813409,,,,
36.72,1.74147,2.200395,1.698357,0.879718,2.208588,2.405087,1.427997,1.187625,0.85496,0.766581,0.907329,0.788434,,,,
36.82,1.689938,2.145271,1.652571,0.857293,2.152103,2.340275,1.377696,1.158758,0.839203,0.749176,0.885154,0.764186,,,,
36.92,1.648765,2.093187,1.606511,0.835555,2.089151,2.287911,1.337238,1.128108,0.820473,0.730927,0.860411,0.743316,,,,
37.01,1.610456,2.047711,1.558646,0.815127,2.031957,2.22974,1.300672,1.098444,0.803197,0.71458,0.839955,0.723012,,,,
37.11,1.571125,2.000056,1.519034,0.794343,1.987091,2.170404,1.264893,1.069123,0.78756,0.703125,0.819478,0.705187,,,,
37.21,1.52545,1.951857,1.477147,0.777557,1.942064,2.120286,1.227954,1.045639,0.774086,0.688415,0.79849,0.68144,,,,
37.3,1.490051,1.903934,1.435877,0.761823,1.88225,2.064559,1.193885,1.023298,0.759017,0.678275,0.780959,0.667798,,,,
37.4,1.462515,1.86192,1.397636,0.749583,1.834169,2.01372,1.163291,0.998266,0.747538,0.665204,0.763885,0.653573,,,,
37.5,1.418886,1.817385,1.363301,0.735895,1.788667,1.965866,1.134699,0.978018,0.735155,0.656815,0.747364,0.630894,,,,
37.59,1.383781,1.7728,1.325,0.723251,1.750759,1.913565,1.104125,0.955553,0.721711,0.649161,0.727895,0.620048,,,,
37.69,1.348144,1.733877,1.289759,0.710703,1.707903,1.8619,1.081673,0.932781,0.707649,0.638268,0.712612,0.598198,,,,
37.78,1.317435,1.69344,1.256597,0.699695,1.646408,1.81842,1.058416,0.912928,0.697675,0.633802,0.695725,0.587004,,,,
37.88,1.284661,1.653536,1.227647,0.691513,1.60986,1.774271,1.030931,0.894644,0.68869,0.63046,0.683043,0.573261,,,,
37.98,1.250833,1.614906,1.195007,0.682502,1.577243,1.727252,1.009309,0.876039,0.677824,0.62614,0.668392,0.562655,,,,
38.07,1.22479,1.57959,1.168653,0.674721,1.532533,1.676738,0.986698,0.85454,0.668066,0.621662,0.659507,0.549123,,,,
38.17,1.197728,1.540866,1.141285,0.667163,1.499439,1.63932,0.964116,0.839192,0.659599,0.618761,0.648832,0.537878,,,,
38.27,1.169923,1.504002,1.114971,0.661291,1.467791,1.591675,0.939773,0.824883,0.65111,0.619221,0.639069,0.525582,,,,
38.36,1.146472,1.469992,1.084462,0.65385,1.423962,1.558288,0.919147,0.811887,0.64216,0.623099,0.629643,0.51166,,,,
38.46,1.117636,1.439529,1.057426,0.650416,1.386747,1.51252,0.900175,0.796266,0.633681,0.624432,0.625262,0.506344,,,,
38.56,1.096156,1.407311,1.034019,0.647155,1.357713,1.473787,0.878774,0.783235,0.626927,0.623402,0.618101,0.497632,,,,
38.65,1.068238,1.372834,1.008397,0.646671,1.312096,1.438475,0.858468,0.773259,0.619942,0.622916,0.608829,0.489052,,,,
38.75,1.045754,1.340161,0.984949,0.644324,1.282747,1.392844,0.83822,0.76376,0.61471,0.621805,0.607932,0.48157,,,,
38.85,1.026391,1.310412,0.965897,0.646114,1.251759,1.367267,0.823087,0.754404,0.609374,0.62539,0.603713,0.475274,,,,
38.94,1.006465,1.279274,0.942478,0.646384,1.216255,1.326986,0.804586,0.745488,0.603284,0.640983,0.599502,0.469297,,,,
39.04,0.987535,1.253468,0.920607,0.649439,1.19313,1.294662,0.787847,0.732904,0.597332,0.653045,0.600817,0.463404,,,,
39.13,0.966336,1.225402,0.90422,0.652717,1.15163,1.2654,0.772061,0.722453,0.594124,0.658927,0.600029,0.458424,,,,
39.23,0.946409,1.19993,0.888318,0.656919,1.132516,1.226507,0.757813,0.715119,0.590251,0.667931,0.604862,0.456308,,,,
39.33,0.926369,1.171602,0.865582,0.663153,1.101527,1.195495,0.745281,0.707173,0.584432,0.67357,0.605325,0.452799,,,,
39.42,0.911561,1.149691,0.848137,0.668555,1.078257,1.170645,0.738083,0.695408,0.578566,0.67991,0.610457,0.449641,,,,
39.52,0.89494,1.126135,0.837158,0.677064,1.0538,1.136101,0.728947,0.687222,0.574625,0.691726,0.613941,0.449039,,,,
39.62,0.877591,1.100979,0.823277,0.684638,1.031155,1.104656,0.717592,0.68048,0.57066,0.704847,0.621491,0.449453,,,,
39.71,0.860826,1.07762,0.806599,0.693432,1.011078,1.083426,0.706742,0.67355,0.565801,0.717735,0.629158,0.450988,,,,
39.81,0.849769,1.056609,0.792916,0.703728,0.986158,1.059089,0.698884,0.665693,0.561385,0.731701,0.635363,0.44887,,,,
39.91,0.832169,1.036382,0.780354,0.714771,0.970624,1.034391,0.689627,0.657669,0.557433,0.746069,0.643643,0.450181,,,,
40,0.818281,1.015954,0.767414,0.725488,0.953467,1.007962,0.68048,0.6505,0.553756,0.757982,0.652037,0.456396,,,,
40.1,0.804469,0.996583,0.753041,0.73913,0.936484,0.984361,0.671632,0.64429,0.549001,0.771223,0.659933,0.463127,,,,
40.2,0.794206,0.977735,0.742239,0.750322,0.925331,0.965636,0.665434,0.638117,0.545162,0.774712,0.670889,0.465883,,,,
40.29,0.780225,0.959443,0.730927,0.762061,0.909397,0.953479,0.657193,0.633034,0.541601,0.780398,0.680214,0.471784,,,,
40.39,0.768583,0.942123,0.719653,0.772802,0.903656,0.942057,0.648653,0.627965,0.53761,0.794408,0.689795,0.48141,,,,
40.49,0.757526,0.924457,0.70836,0.783932,0.89334,0.926068,0.642034,0.622254,0.53405,0.801905,0.698785,0.486638,,,,
40.58,0.746983,0.907915,0.701815,0.794845,0.8856,0.909375,0.633645,0.617375,0.532165,0.798275,0.709377,0.493973,,,,
40.68,0.735998,0.890525,0.692385,0.804826,0.882167,0.895421,0.626172,0.614637,0.530254,0.794167,0.717881,0.508096,,,,
40.77,0.723789,0.874084,0.683197,0.812161,0.879316,0.887488,0.617621,0.60998,0.525591,0.796888,0.726135,0.520633,,,,
40.87,0.71748,0.864259,0.676647,0.819138,0.871122,0.877346,0.615406,0.606038,0.522892,0.796352,0.733065,0.531155,,,,
40.97,0.707917,0.846359,0.668002,0.823187,0.869045,0.873082,0.605658,0.60285,0.519324,0.789713,0.737918,0.543807,,,,
41.06,0.700063,0.833081,0.662006,0.825515,0.867294,0.869054,0.599493,0.599199,0.517163,0.781266,0.740403,0.559241,,,,
41.16,0.691837,0.819396,0.656389,0.823897,0.87265,0.8647,0.592326,0.597428,0.515006,0.770397,0.743442,0.577769,,,,
41.26,0.684885,0.806642,0.649107,0.820563,0.86396,0.862267,0.58554,0.596181,0.512478,0.761688,0.743686,0.589584,,,,
41.35,0.679173,0.795855,0.642978,0.816456,0.865354,0.858457,0.58086,0.591706,0.510346,0.759084,0.740888,0.605048,,,,
41.45,0.673465,0.785179,0.638681,0.810747,0.868717,0.855901,0.576298,0.590445,0.50864,0.747291,0.736474,0.624197,,,,
41.55,0.666395,0.774681,0.635014,0.803083,0.869631,0.855727,0.569974,0.589234,0.507627,0.726757,0.732861,0.638961,,,,
41.64,0.662691,0.76394,0.632129,0.792122,0.871102,0.858715,0.566331,0.589084,0.506109,0.720772,0.72807,0.651066,,,,
41.74,0.657869,0.755668,0.627584,0.779729,0.878437,0.860492,0.562702,0.589755,0.504276,0.712873,0.720459,0.664228,,,,
41.84,0.654756,0.748148,0.624547,0.767481,0.885099,0.864254,0.56081,0.588703,0.503993,0.69826,0.705747,0.675735,,,,
41.93,0.65251,0.740781,0.622144,0.755662,0.882686,0.869383,0.55699,0.589863,0.503975,0.68539,0.691518,0.683032,,,,
42.03,0.650613,0.732302,0.62031,0.742335,0.885117,0.875648,0.553227,0.591723,0.5037,0.673936,0.687044,0.690024,,,,
42.12,0.648209,0.72651,0.617884,0.727962,0.89173,0.881248,0.550755,0.593816,0.50431,0.662684,0.678689,0.693892,,,,
42.22,0.648016,0.720576,0.615472,0.713259,0.894046,0.886197,0.549977,0.595843,0.505106,0.651865,0.662682,0.696332,,,,
42.32,0.648486,0.714921,0.614904,0.699553,0.898826,0.889149,0.548713,0.598853,0.50685,0.639528,0.645892,0.694508,,,,
42.41,0.64877,0.710013,0.614832,0.686318,0.903138,0.89278,0.547583,0.603166,0.509219,0.626559,0.64553,0.692599,,,,
42.51,0.649656,0.705304,0.615156,0.674943,0.904622,0.898183,0.547997,0.6081,0.513043,0.616807,0.640312,0.690709,,,,
42.61,0.651374,0.701037,0.615358,0.667041,0.905037,0.904984,0.549628,0.613577,0.516523,0.60797,0.623396,0.683247,,,,
42.7,0.654244,0.698757,0.615644,0.652041,0.905237,0.910758,0.551368,0.619545,0.521935,0.594308,0.60231,0.678621,,,,
42.8,0.657442,0.696235,0.616795,0.638231,0.906955,0.915359,0.554642,0.626416,0.528005,0.584765,0.593956,0.669621,,,,
42.9,0.66031,0.69264,0.619054,0.636467,0.903318,0.921744,0.556761,0.633685,0.535678,0.57568,0.5864,0.658931,,,,
43,0.664763,0.691898,0.621962,0.624299,0.896131,0.928072,0.56059,0.642176,0.544434,0.564809,0.573453,0.651522,,,,
43.09,0.669771,0.69018,0.626019,0.606227,0.890051,0.925582,0.564918,0.651198,0.554244,0.556599,0.566967,0.640529,,,,
43.19,0.67415,0.690844,0.629198,0.594439,0.883281,0.926434,0.571264,0.661018,0.564963,0.544459,0.551941,0.628935,,,,
43.28,0.680342,0.691607,0.632961,0.595991,0.872962,0.928289,0.578188,0.670719,0.577305,0.536469,0.530875,0.620139,,,,
43.38,0.684954,0.691957,0.637378,0.587027,0.863357,0.927618,0.585233,0.68104,0.590686,0.526217,0.529766,0.607183,,,,
43.47,0.692403,0.693245,0.642343,0.567291,0.852999,0.921148,0.593209,0.691204,0.604878,0.521589,0.527571,0.595629,,,,
43.57,0.699687,0.694867,0.647026,0.559253,0.841956,0.916935,0.601578,0.701485,0.619961,0.515116,0.512187,0.585462,,,,
43.67,0.705638,0.697263,0.652195,0.560081,0.825837,0.911524,0.612084,0.711306,0.635617,0.50215,0.495677,0.571293,,,,
43.76,0.712293,0.700202,0.657706,0.546124,0.806525,0.900284,0.620402,0.720603,0.65092,0.491069,0.49291,0.558836,,,,
43.86,0.718818,0.703855,0.663408,0.531375,0.796764,0.891255,0.629888,0.72835,0.665857,0.49176,0.486052,0.549907,,,,
43.96,0.724548,0.706917,0.668402,0.527511,0.794377,0.876866,0.638897,0.735267,0.680217,0.488901,0.468552,0.538069,,,,
44.05,0.730413,0.711854,0.672552,0.529465,0.770422,0.867144,0.648249,0.740636,0.693657,0.479647,0.463111,0.52652,,,,
44.15,0.736343,0.717384,0.676171,0.511185,0.744473,0.852108,0.658278,0.744458,0.705512,0.471353,0.469008,0.516682,,,,
44.25,0.741022,0.72138,0.679635,0.502959,0.746717,0.835438,0.666709,0.745949,0.715675,0.465415,0.453015,0.505769,,,,
44.35,0.744059,0.725803,0.682637,0.508032,0.740665,0.819916,0.674875,0.745335,0.72449,0.461039,0.436173,0.493244,,,,
44.44,0.746643,0.730629,0.685652,0.495144,0.714526,0.803843,0.680728,0.743597,0.73139,0.457145,0.441018,0.485468,,,,
44.54,0.748347,0.735385,0.686542,0.483682,0.69481,0.795515,0.685561,0.740963,0.735742,0.451014,0.43549,0.475122,,,,
44.63,0.748111,0.740777,0.686444,0.487177,0.690999,0.782765,0.68998,0.736069,0.738852,0.44273,0.418677,0.46413,,,,
44.73,0.746471,0.744967,0.684698,0.483113,0.691281,0.762335,0.693252,0.730476,0.740082,0.443757,0.421507,0.458709,,,,
44.83,0.74251,0.748499,0.682411,0.468388,0.673048,0.742705,0.693771,0.723889,0.740051,0.436765,0.418907,0.448105,,,,
44.92,0.738767,0.752346,0.67827,0.46712,0.650081,0.738662,0.693719,0.716541,0.737498,0.427301,0.406781,0.43732,,,,
45.02,0.733735,0.755328,0.674189,0.465769,0.648684,0.724418,0.692981,0.707795,0.73429,0.429434,0.409178,0.428244,,,,
45.11,0.72718,0.757332,0.669412,0.454545,0.640349,0.713382,0.690799,0.698885,0.730184,0.427036,0.402573,0.423721,,,,
45.21,0.718489,0.758034,0.663777,0.456041,0.628608,0.699653,0.686625,0.690524,0.725556,0.41844,0.393583,0.417206,,,,
45.31,0.711052,0.758475,0.65773,0.455024,0.619367,0.683541,0.682445,0.681442,0.7205,0.415534,0.400215,0.409527,,,,
45.4,0.702045,0.758475,0.651502,0.442181,0.604188,0.670932,0.677572,0.672985,0.714788,0.414168,0.390478,0.402588,,,,
45.5,0.692841,0.756933,0.645092,0.441804,0.605807,0.661008,0.671613,0.66404,0.708791,0.412359,0.383489,0.397252,,,,
45.6,0.683689,0.755029,0.637367,0.446278,0.608459,0.649021,0.665563,0.655575,0.701992,0.411834,0.390363,0.390696,,,,
45.7,0.67484,0.752147,0.631142,0.434909,0.589287,0.638122,0.659182,0.646712,0.694955,0.408703,0.37836,0.384748,,,,
45.79,0.665254,0.747261,0.623754,0.43051,0.572912,0.629952,0.651922,0.638766,0.686901,0.405951,0.372971,0.373508,,,,
45.89,0.655877,0.741774,0.617265,0.435858,0.574037,0.620043,0.644705,0.629801,0.679465,0.402721,0.383407,0.369909,,,,
45.98,0.649216,0.736078,0.609477,0.426318,0.569666,0.612071,0.638549,0.622654,0.671156,0.402501,0.375896,0.369204,,,,
46.08,0.641487,0.729186,0.603404,0.42486,0.56346,0.602038,0.630368,0.614535,0.663284,0.402086,0.369357,0.360068,,,,
46.18,0.632087,0.722028,0.596943,0.432072,0.554572,0.592588,0.622914,0.607116,0.654657,0.40231,0.374659,0.354701,,,,
46.27,0.625078,0.714159,0.589959,0.423427,0.547288,0.584132,0.615109,0.599364,0.645144,0.40486,0.369832,0.352074,,,,
46.37,0.615832,0.707058,0.584448,0.422303,0.540322,0.577479,0.608366,0.591617,0.636905,0.407072,0.371265,0.351185,,,,
46.46,0.609631,0.698395,0.5784,0.426477,0.534027,0.568177,0.600752,0.584612,0.627058,0.41144,0.373577,0.347768,,,,
46.56,0.601599,0.690546,0.571683,0.419717,0.533599,0.561038,0.592746,0.577324,0.617599,0.415683,0.369424,0.340841,,,,
46.66,0.5961,0.683638,0.566081,0.424197,0.530824,0.553304,0.587035,0.569578,0.60816,0.423032,0.37879,0.334057,,,,
46.75,0.589189,0.675534,0.559908,0.425969,0.521816,0.545602,0.579623,0.562673,0.598732,0.429336,0.375276,0.330953,,,,
46.85,0.581621,0.667713,0.554351,0.424064,0.517837,0.540509,0.572475,0.555398,0.589657,0.438295,0.374106,0.32721,,,,
46.95,0.575428,0.660144,0.54877,0.427584,0.519825,0.532889,0.565847,0.548589,0.580713,0.448654,0.381535,0.322998,,,,
47.05,0.569275,0.652597,0.542922,0.434311,0.514979,0.525797,0.557653,0.541869,0.57203,0.462637,0.388177,0.320191,,,,
47.14,0.562611,0.645737,0.537539,0.434375,0.509859,0.518919,0.550965,0.535923,0.563601,0.478409,0.387611,0.3189,,,,
47.24,0.556705,0.638545,0.532711,0.438648,0.506189,0.514241,0.544029,0.530109,0.555447,0.49502,0.392449,0.315608,,,,
47.34,0.550943,0.632138,0.52661,0.445756,0.50677,0.510428,0.536642,0.52455,0.54698,0.513837,0.401861,0.314888,,,,
47.43,0.545774,0.625671,0.52251,0.449349,0.503842,0.505964,0.530475,0.518977,0.541292,0.535237,0.404851,0.314236,,,,
47.53,0.540474,0.618552,0.518042,0.459753,0.495932,0.500643,0.523458,0.514591,0.533375,0.558018,0.41745,0.316273,,,,
47.62,0.533909,0.611783,0.512844,0.472321,0.495527,0.494311,0.5162,0.51028,0.526203,0.582505,0.423296,0.313499,,,,
47.72,0.530329,0.60607,0.508826,0.476733,0.497398,0.491685,0.51151,0.505519,0.52021,0.606729,0.433476,0.313869,,,,
47.81,0.526547,0.59962,0.504528,0.488682,0.499887,0.4904,0.505988,0.501119,0.51405,0.630927,0.451522,0.317327,,,,
47.91,0.519852,0.593351,0.500627,0.503725,0.494791,0.484852,0.50022,0.497281,0.508609,0.654651,0.461311,0.317365,,,,
48.01,0.51559,0.587175,0.497134,0.518759,0.489868,0.482508,0.49496,0.493909,0.504015,0.678218,0.476335,0.319901,,,,
48.1,0.513724,0.58088,0.49368,0.532415,0.499948,0.479365,0.490566,0.490829,0.499427,0.700289,0.49334,0.324795,,,,
48.2,0.509148,0.575402,0.49065,0.55212,0.495374,0.476253,0.485351,0.487127,0.495214,0.720559,0.51035,0.328651,,,,
48.3,0.505197,0.570753,0.487893,0.569601,0.492794,0.476352,0.481113,0.483967,0.491542,0.738472,0.530834,0.335799,,,,
48.4,0.500834,0.565412,0.484487,0.592392,0.497788,0.475153,0.476948,0.481159,0.487499,0.754313,0.546585,0.355407,,,,
48.49,0.496726,0.560978,0.482207,0.613242,0.493578,0.472894,0.473082,0.478118,0.48423,0.767056,0.566494,0.359392,,,,
48.59,0.493277,0.556178,0.479441,0.630276,0.498233,0.472768,0.46893,0.475722,0.480875,0.776209,0.584452,0.3696,,,,
48.69,0.489971,0.552005,0.477079,0.646827,0.500161,0.472582,0.465307,0.473238,0.477638,0.782505,0.602334,0.386854,,,,
48.78,0.488056,0.547795,0.474342,0.66607,0.50205,0.471912,0.462788,0.470953,0.474525,0.786056,0.618365,0.404552,,,,
48.88,0.484835,0.544478,0.472204,0.679001,0.506091,0.473985,0.459767,0.46851,0.471984,0.786307,0.634532,0.42691,,,,
48.97,0.482802,0.540748,0.469934,0.691586,0.509466,0.474331,0.457211,0.467028,0.469254,0.784123,0.647865,0.447685,,,,
49.07,0.480412,0.536832,0.468047,0.702852,0.513044,0.47528,0.454268,0.464917,0.466652,0.779229,0.662186,0.472877,,,,
49.17,0.477145,0.533867,0.466738,0.712225,0.520434,0.479401,0.452232,0.46345,0.464726,0.770632,0.670054,0.4977,,,,
49.26,0.475514,0.530452,0.464517,0.715568,0.526329,0.480232,0.449795,0.462261,0.46229,0.761667,0.680151,0.523967,,,,
49.36,0.473943,0.527577,0.462662,0.717977,0.532616,0.484291,0.447964,0.460738,0.460379,0.749987,0.685033,0.550588,,,,
49.45,0.472928,0.524999,0.46128,0.716667,0.539543,0.492015,0.446946,0.459632,0.45822,0.737659,0.686518,0.575901,,,,
49.55,0.471173,0.521726,0.459739,0.711119,0.5486,0.498126,0.44394,0.458481,0.456578,0.724895,0.68919,0.602108,,,,
49.65,0.46976,0.519169,0.458303,0.704819,0.55874,0.501488,0.442272,0.457578,0.454919,0.709788,0.69041,0.623739,,,,
49.74,0.469021,0.516554,0.456831,0.696151,0.569028,0.507619,0.441034,0.457208,0.453582,0.694671,0.688219,0.645105,,,,
49.84,0.467492,0.514232,0.455722,0.684416,0.580862,0.516016,0.439648,0.456545,0.452074,0.679487,0.683354,0.664817,,,,
49.94,0.466786,0.512016,0.454651,0.670572,0.593457,0.525276,0.438183,0.45614,0.451354,0.664247,0.67815,0.682176,,,,
50.04,0.46592,0.510072,0.453732,0.657107,0.60831,0.536019,0.437193,0.455867,0.449835,0.649503,0.670298,0.696935,,,,
50.13,0.466017,0.508119,0.451989,0.644444,0.626663,0.547105,0.436545,0.455912,0.448617,0.635925,0.65976,0.708604,,,,
50.23,0.466844,0.506616,0.451467,0.631075,0.642251,0.558963,0.435685,0.455669,0.447898,0.622878,0.647045,0.717505,,,,
50.32,0.466064,0.504398,0.450788,0.617174,0.655857,0.572333,0.434596,0.456165,0.447405,0.608612,0.633695,0.723925,,,,
50.42,0.465505,0.503389,0.449925,0.604285,0.670575,0.586808,0.433285,0.456823,0.44631,0.59584,0.623524,0.726933,,,,
50.52,0.46714,0.502183,0.449504,0.591422,0.682976,0.601753,0.433072,0.457672,0.445961,0.583475,0.607462,0.726355,,,,
50.61,0.468216,0.501065,0.448947,0.578898,0.692889,0.617371,0.433138,0.459145,0.445566,0.572254,0.593882,0.724525,,,,
50.71,0.467485,0.499602,0.44876,0.566895,0.699627,0.633742,0.432155,0.460912,0.446027,0.561223,0.581001,0.71983,,,,
50.8,0.469189,0.49871,0.449022,0.555198,0.703971,0.649546,0.432022,0.463488,0.446145,0.549455,0.569689,0.712547,,,,
50.9,0.471297,0.498125,0.448901,0.543907,0.70671,0.665913,0.432514,0.466366,0.446845,0.539338,0.559191,0.702954,,,,
51,0.472781,0.498136,0.449893,0.533722,0.707567,0.681056,0.433304,0.469959,0.44811,0.529913,0.547714,0.692456,,,,
51.09,0.475234,0.498142,0.450704,0.523757,0.706876,0.694888,0.434681,0.474502,0.449907,0.52063,0.536682,0.680804,,,,
51.19,0.477607,0.498079,0.451726,0.513063,0.702086,0.706212,0.436124,0.479919,0.452006,0.50939,0.527948,0.667518,,,,
51.29,0.48125,0.498649,0.453659,0.504739,0.697084,0.715968,0.438652,0.486158,0.45513,0.501048,0.517824,0.654157,,,,
51.39,0.485051,0.499107,0.455742,0.496324,0.691672,0.72206,0.441278,0.493442,0.459449,0.495444,0.508914,0.641282,,,,
51.48,0.489291,0.500101,0.457832,0.488402,0.684031,0.727788,0.444182,0.502146,0.464718,0.485875,0.498808,0.625721,,,,
51.58,0.494875,0.501097,0.460826,0.480252,0.673424,0.730203,0.448249,0.511882,0.471442,0.477426,0.490634,0.612066,,,,
51.68,0.500499,0.503055,0.464638,0.473031,0.66371,0.729618,0.452907,0.523098,0.479692,0.471657,0.481688,0.598121,,,,
51.77,0.505793,0.504763,0.468601,0.466253,0.653052,0.727012,0.458361,0.535229,0.489212,0.465651,0.473219,0.584598,,,,
51.87,0.512217,0.507409,0.474027,0.460195,0.641502,0.721332,0.46494,0.548284,0.500897,0.461574,0.463298,0.571282,,,,
51.96,0.520501,0.510082,0.479642,0.454373,0.628315,0.713858,0.472626,0.562831,0.514168,0.455977,0.45643,0.557898,,,,
52.06,0.528269,0.513162,0.485623,0.449118,0.615831,0.704963,0.481114,0.577793,0.528981,0.452258,0.450203,0.545254,,,,
52.15,0.535496,0.51703,0.492679,0.444219,0.604797,0.694724,0.491182,0.593126,0.545709,0.450798,0.441819,0.533754,,,,
52.25,0.544543,0.520822,0.500236,0.438815,0.5938,0.684116,0.502206,0.608768,0.563339,0.447612,0.434783,0.523272,,,,
52.35,0.553467,0.525278,0.507952,0.434221,0.582173,0.671215,0.51415,0.624296,0.582452,0.44651,0.429346,0.510201,,,,
52.44,0.563249,0.530476,0.516541,0.430453,0.571329,0.658534,0.527256,0.639726,0.601904,0.447203,0.424319,0.500366,,,,
52.54,0.571905,0.535974,0.524553,0.427411,0.560115,0.645131,0.540943,0.654048,0.622225,0.450092,0.419749,0.490706,,,,
52.64,0.580616,0.542422,0.532809,0.423949,0.55075,0.632174,0.555152,0.6676,0.642046,0.450996,0.415436,0.479647,,,,
52.74,0.588617,0.548667,0.540643,0.421636,0.541607,0.619039,0.569551,0.679423,0.66205,0.454868,0.412106,0.469277,,,,
52.83,0.595915,0.555475,0.548462,0.419523,0.533766,0.605111,0.584441,0.690528,0.680904,0.461898,0.410321,0.460308,,,,
52.93,0.602647,0.562731,0.555698,0.417771,0.524129,0.593061,0.598861,0.699387,0.699037,0.469935,0.408747,0.451813,,,,
53.03,0.607737,0.570626,0.562054,0.417291,0.515726,0.579901,0.613372,0.706878,0.714349,0.477789,0.407744,0.443753,,,,
53.12,0.610784,0.578483,0.567425,0.416361,0.508709,0.56695,0.627363,0.711454,0.728603,0.487901,0.409942,0.434959,,,,
53.22,0.612648,0.586369,0.571971,0.416849,0.500544,0.556802,0.640622,0.714729,0.740839,0.499923,0.412206,0.428833,,,,
53.31,0.615218,0.59347,0.575832,0.418875,0.494064,0.545383,0.651614,0.715902,0.751483,0.512897,0.414196,0.422885,,,,
53.41,0.614577,0.600945,0.577933,0.421439,0.487568,0.534843,0.661666,0.715797,0.759393,0.526603,0.420176,0.417319,,,,
53.51,0.612701,0.607875,0.579097,0.42555,0.480956,0.524866,0.670199,0.713305,0.765428,0.539972,0.427084,0.411621,,,,
53.6,0.61037,0.61384,0.579771,0.430292,0.474232,0.51594,0.677226,0.710089,0.769544,0.553203,0.435174,0.408424,,,,
53.7,0.607521,0.619092,0.578649,0.436087,0.468554,0.507497,0.682115,0.705362,0.772184,0.568531,0.444274,0.405332,,,,
53.79,0.602952,0.623502,0.577393,0.442862,0.462789,0.500411,0.685553,0.699718,0.773109,0.581987,0.454128,0.401324,,,,
53.89,0.598707,0.626824,0.574531,0.450289,0.458296,0.491355,0.687199,0.693226,0.772014,0.596643,0.466684,0.39842,,,,
53.99,0.592657,0.629161,0.571527,0.458524,0.45338,0.48391,0.687715,0.685783,0.770409,0.610152,0.479066,0.399203,,,,
54.09,0.587087,0.630652,0.567114,0.4671,0.44759,0.479229,0.686635,0.677752,0.766802,0.623223,0.49161,0.399864,,,,
54.18,0.580594,0.630765,0.562959,0.475967,0.443764,0.471739,0.683694,0.669233,0.762937,0.636071,0.505027,0.40113,,,,
54.28,0.574508,0.630271,0.557915,0.484586,0.441259,0.46468,0.68007,0.661011,0.75774,0.648086,0.517122,0.403931,,,,
54.38,0.567804,0.628243,0.55274,0.493031,0.437348,0.457928,0.675026,0.652,0.751968,0.659629,0.52922,0.408793,,,,
54.47,0.560625,0.626314,0.547575,0.501371,0.433566,0.453225,0.669523,0.642951,0.746111,0.669499,0.541914,0.416921,,,,
54.57,0.553829,0.622741,0.541934,0.509285,0.431397,0.448139,0.663293,0.634724,0.739228,0.679205,0.553569,0.424916,,,,
54.66,0.546398,0.619325,0.536322,0.51715,0.430127,0.444026,0.656026,0.627165,0.733102,0.687284,0.564375,0.434852,,,,
54.76,0.541102,0.615027,0.530415,0.524163,0.42916,0.439872,0.649241,0.618601,0.725296,0.693755,0.575133,0.445847,,,,
54.86,0.534057,0.610224,0.524806,0.530721,0.429201,0.435398,0.641635,0.609907,0.718005,0.69956,0.586308,0.457955,,,,
54.95,0.527645,0.60555,0.519411,0.536335,0.429786,0.432448,0.635045,0.602344,0.70998,0.704256,0.595246,0.472983,,,,
55.05,0.521762,0.599772,0.513901,0.541131,0.432006,0.42955,0.627146,0.594871,0.70192,0.707171,0.603055,0.486302,,,,
55.14,0.515633,0.594359,0.509063,0.545252,0.433571,0.427358,0.620011,0.587798,0.693787,0.70903,0.610581,0.50085,,,,
55.24,0.510502,0.588418,0.504206,0.548286,0.437331,0.42685,0.612804,0.580596,0.685323,0.710059,0.617082,0.515499,,,,
55.34,0.503465,0.582502,0.499351,0.550615,0.440881,0.42525,0.605657,0.573768,0.676682,0.709234,0.622086,0.530831,,,,
55.44,0.498544,0.57666,0.495101,0.552381,0.446022,0.425391,0.598535,0.567344,0.667952,0.707571,0.626927,0.546198,,,,
55.53,0.49409,0.570737,0.490927,0.552602,0.450422,0.427113,0.591933,0.561203,0.659091,0.704932,0.631342,0.560335,,,,
55.63,0.489363,0.564851,0.486615,0.552627,0.456066,0.428742,0.584784,0.554606,0.650277,0.701282,0.634538,0.574101,,,,
55.73,0.485402,0.559603,0.482885,0.551102,0.462658,0.430906,0.578353,0.548573,0.641612,0.697047,0.634883,0.587963,,,,
55.82,0.481319,0.55399,0.479454,0.549175,0.469063,0.434497,0.571575,0.542794,0.633067,0.69065,0.635338,0.600702,,,,
55.92,0.477416,0.548688,0.47593,0.54601,0.475331,0.439102,0.565151,0.537418,0.624639,0.684981,0.635869,0.6126,,,,
56.02,0.473145,0.543806,0.472385,0.541544,0.481526,0.445592,0.558433,0.531705,0.61554,0.677078,0.635404,0.623976,,,,
56.11,0.470187,0.539223,0.469381,0.537236,0.488131,0.452072,0.552455,0.526234,0.607029,0.669004,0.634786,0.634147,,,,
56.21,0.466454,0.534762,0.466024,0.531575,0.494742,0.45946,0.546375,0.520894,0.598446,0.659713,0.63095,0.642485,,,,
56.3,0.462071,0.530517,0.463004,0.525789,0.501122,0.467379,0.539963,0.516142,0.590272,0.648988,0.62705,0.650339,,,,
56.4,0.4589,0.526585,0.460155,0.520053,0.506814,0.476196,0.534075,0.511352,0.582212,0.638284,0.622817,0.656291,,,,
56.49,0.455698,0.522576,0.457249,0.513519,0.512015,0.485511,0.528316,0.507056,0.5743,0.627185,0.618281,0.662071,,,,
56.59,0.451842,0.518827,0.454505,0.506371,0.516964,0.495099,0.522577,0.502834,0.56683,0.616028,0.612494,0.665011,,,,
56.69,0.449369,0.515489,0.451906,0.499068,0.521772,0.503899,0.518157,0.499167,0.559565,0.604714,0.606187,0.667964,,,,
56.78,0.445967,0.512113,0.449576,0.491531,0.526801,0.513109,0.512369,0.495529,0.553109,0.594336,0.599191,0.66935,,,,
56.88,0.443068,0.508943,0.447133,0.490255,0.529901,0.522634,0.507511,0.492547,0.546772,0.583572,0.592136,0.668729,,,,
56.98,0.440874,0.505486,0.444877,0.476038,0.532555,0.530835,0.502724,0.489787,0.541059,0.574066,0.581586,0.669156,,,,
57.08,0.438711,0.502344,0.442315,0.469136,0.535289,0.537623,0.498332,0.487796,0.535073,0.566621,0.571182,0.666009,,,,
57.17,0.436113,0.499388,0.440351,0.462087,0.537817,0.544606,0.49386,0.4857,0.530467,0.560083,0.562077,0.662053,,,,
57.27,0.435029,0.496332,0.438884,0.455541,0.538972,0.551532,0.490383,0.484752,0.526404,0.552864,0.552561,0.659279,,,,
57.37,0.433434,0.492955,0.436911,0.449572,0.538891,0.557495,0.486316,0.484102,0.522692,0.548389,0.542604,0.652882,,,,
57.46,0.432228,0.490257,0.435838,0.444022,0.538239,0.562029,0.483369,0.484142,0.519626,0.545198,0.534756,0.647007,,,,
57.56,0.431862,0.487743,0.434402,0.438997,0.536946,0.566083,0.48063,0.485092,0.517254,0.54331,0.526337,0.640188,,,,
57.65,0.429918,0.485462,0.433647,0.434738,0.535322,0.569791,0.478199,0.4862,0.515326,0.542552,0.519045,0.631975,,,,
57.75,0.429727,0.483581,0.432941,0.430806,0.533167,0.571384,0.47705,0.488271,0.514295,0.543003,0.513913,0.624015,,,,
57.85,0.430091,0.481098,0.43238,0.427472,0.530969,0.572805,0.475655,0.490926,0.513876,0.544864,0.509214,0.615296,,,,
57.94,0.430552,0.479284,0.43272,0.424985,0.527544,0.572792,0.474629,0.493984,0.514456,0.548354,0.504295,0.604527,,,,
58.04,0.431414,0.477514,0.43281,0.423694,0.524102,0.571934,0.474559,0.497895,0.515695,0.553732,0.501445,0.594796,,,,
58.13,0.432412,0.476333,0.433039,0.42274,0.520507,0.57027,0.474873,0.502603,0.517769,0.55811,0.500568,0.585116,,,,
58.23,0.434218,0.475501,0.434012,0.423143,0.515574,0.56726,0.476095,0.507553,0.520478,0.563997,0.499691,0.574493,,,,
58.33,0.436435,0.474393,0.435125,0.423397,0.510882,0.563673,0.477995,0.512892,0.523793,0.570339,0.500942,0.56407,,,,
58.43,0.439093,0.473905,0.43654,0.424983,0.505305,0.559858,0.48053,0.518547,0.527503,0.576609,0.502654,0.553766,,,,
58.52,0.442461,0.473757,0.438283,0.427512,0.500499,0.555108,0.483392,0.52431,0.532381,0.583958,0.504509,0.545166,,,,
58.62,0.444522,0.473842,0.440347,0.429819,0.494762,0.550004,0.486717,0.530371,0.537423,0.590655,0.507777,0.536354,,,,
58.72,0.447627,0.474223,0.442447,0.433636,0.488638,0.542783,0.490325,0.536352,0.543334,0.596621,0.513013,0.527518,,,,
58.81,0.451469,0.474893,0.445088,0.437206,0.4827,0.536598,0.494776,0.542678,0.549623,0.60305,0.516864,0.521025,,,,
58.91,0.45485,0.47591,0.447611,0.441057,0.475756,0.529424,0.499449,0.549328,0.556117,0.608585,0.522367,0.51743,,,,
59.01,0.458008,0.477541,0.450395,0.444975,0.469596,0.52137,0.504454,0.5554,0.562909,0.613721,0.527763,0.514358,,,,
59.1,0.46085,0.479384,0.452926,0.448735,0.463871,0.514253,0.510075,0.561877,0.569846,0.617902,0.533199,0.511197,,,,
59.2,0.463894,0.48153,0.455672,0.4523,0.457746,0.507165,0.515868,0.567871,0.577057,0.621692,0.538768,0.510812,,,,
59.29,0.467234,0.484438,0.458553,0.455798,0.452786,0.499489,0.522048,0.574086,0.584446,0.625131,0.543082,0.511078,,,,
59.39,0.471047,0.486511,0.461452,0.458743,0.448264,0.491636,0.527914,0.580045,0.592219,0.627589,0.547257,0.512809,,,,
59.48,0.473423,0.489351,0.464235,0.461105,0.444264,0.485157,0.533993,0.585494,0.599823,0.629173,0.552337,0.517229,,,,
59.58,0.476463,0.492321,0.466842,0.463231,0.440075,0.47789,0.540243,0.590818,0.608033,0.631472,0.556438,0.521963,,,,
59.68,0.47868,0.495564,0.469396,0.464825,0.437561,0.471027,0.546587,0.595897,0.615235,0.632407,0.560734,0.52855,,,,
59.78,0.481415,0.49861,0.471932,0.465902,0.435432,0.465243,0.552585,0.600888,0.622052,0.632022,0.563714,0.53353,,,,
59.87,0.483844,0.501498,0.474132,0.466871,0.433754,0.460133,0.558718,0.605628,0.628794,0.632642,0.566219,0.539974,,,,
59.97,0.485561,0.504569,0.476452,0.466945,0.433502,0.453992,0.564381,0.610006,0.635592,0.632861,0.56845,0.548016,,,,
60.07,0.487112,0.50788,0.478022,0.467492,0.433815,0.450028,0.570581,0.614101,0.641869,0.631919,0.570042,0.555811,,,,
60.16,0.488112,0.510753,0.4799,0.467053,0.43406,0.446726,0.57596,0.617466,0.648604,0.631041,0.571344,0.564256,,,,
60.26,0.490014,0.513696,0.481207,0.466341,0.435487,0.443726,0.581738,0.620894,0.654661,0.62996,0.573215,0.571603,,,,
60.36,0.490723,0.51612,0.482379,0.465646,0.437502,0.441825,0.586562,0.623516,0.660451,0.629572,0.573859,0.578281,,,,
60.45,0.490827,0.519012,0.483261,0.46436,0.439424,0.440959,0.59214,0.625566,0.665739,0.627564,0.57346,0.585733,,,,
60.55,0.491433,0.521231,0.483972,0.462847,0.441866,0.440479,0.596708,0.626916,0.670712,0.626219,0.573986,0.591164,,,,
60.64,0.491125,0.523452,0.48416,0.461715,0.44454,0.441152,0.601207,0.627942,0.674704,0.624612,0.573354,0.596103,,,,
60.74,0.49048,0.525276,0.484508,0.459552,0.447402,0.442929,0.60528,0.628327,0.678746,0.623412,0.57234,0.601321,,,,
60.83,0.49015,0.527048,0.484041,0.457538,0.45031,0.444982,0.609151,0.628622,0.681479,0.620727,0.571148,0.605461,,,,
60.93,0.48858,0.528596,0.483597,0.455102,0.453283,0.448414,0.612083,0.627689,0.683549,0.619946,0.569664,0.607365,,,,
61.03,0.487132,0.529833,0.48263,0.452414,0.45554,0.452111,0.615343,0.626209,0.684769,0.618107,0.568187,0.610383,,,,
61.13,0.485182,0.530643,0.481819,0.449797,0.458174,0.455958,0.617187,0.62418,0.685534,0.617272,0.566468,0.61221,,,,
61.22,0.483916,0.530788,0.480544,0.446424,0.460293,0.461038,0.618666,0.621724,0.685474,0.615556,0.564202,0.613498,,,,
61.32,0.482014,0.530911,0.479068,0.443645,0.462467,0.464892,0.619561,0.618745,0.68445,0.61575,0.562955,0.612907,,,,
61.42,0.478905,0.530938,0.477486,0.440245,0.465035,0.46869,0.619924,0.615129,0.682811,0.615697,0.561138,0.612698,,,,
61.51,0.476049,0.530566,0.475472,0.437593,0.466236,0.473278,0.619659,0.610979,0.680205,0.615199,0.559166,0.612717,,,,
61.61,0.474312,0.529673,0.473874,0.434998,0.46754,0.477561,0.618819,0.606265,0.677479,0.616152,0.558143,0.611497,,,,
61.71,0.471403,0.528741,0.471382,0.432335,0.46881,0.482217,0.617241,0.601802,0.673631,0.61674,0.556878,0.609701,,,,
61.8,0.467957,0.527285,0.469047,0.42995,0.468969,0.485518,0.615088,0.596563,0.669571,0.616784,0.556095,0.60853,,,,
61.9,0.465209,0.526024,0.466607,0.428012,0.470054,0.488789,0.612846,0.591237,0.664592,0.617523,0.555113,0.606846,,,,
61.99,0.46237,0.524141,0.46412,0.426384,0.469811,0.491697,0.609813,0.5857,0.65955,0.618804,0.555897,0.603677,,,,
62.09,0.458914,0.522457,0.462005,0.425831,0.469728,0.494131,0.606037,0.580216,0.654287,0.619954,0.556727,0.602281,,,,
62.18,0.456222,0.520555,0.459569,0.425044,0.469504,0.495499,0.601924,0.575322,0.649225,0.62053,0.555811,0.59958,,,,
62.28,0.452795,0.518512,0.456899,0.424393,0.468581,0.497971,0.59751,0.570233,0.64248,0.621501,0.557253,0.597495,,,,
62.38,0.449492,0.51658,0.454384,0.423913,0.466939,0.498731,0.593308,0.565129,0.636277,0.622495,0.557978,0.592977,,,,
62.48,0.446228,0.51428,0.451855,0.424408,0.466173,0.498981,0.588562,0.560126,0.629888,0.623731,0.5583,0.591337,,,,
62.57,0.443178,0.512163,0.44955,0.425104,0.464211,0.499283,0.583807,0.555753,0.62383,0.623819,0.558835,0.589737,,,,
62.67,0.4408,0.509179,0.446907,0.42625,0.462453,0.499504,0.578753,0.551752,0.617168,0.624313,0.559676,0.586992,,,,
62.77,0.437706,0.507,0.444805,0.427477,0.460869,0.498503,0.573705,0.548099,0.611569,0.625486,0.560128,0.585812,,,,
62.86,0.435222,0.504044,0.442674,0.42899,0.459176,0.497552,0.568652,0.544893,0.605654,0.625912,0.560775,0.585394,,,,
62.96,0.432584,0.501481,0.441255,0.430565,0.456877,0.49564,0.563689,0.542182,0.600346,0.62569,0.561098,0.58422,,,,
63.06,0.431318,0.498983,0.439654,0.432418,0.454744,0.494416,0.559318,0.540271,0.5953,0.62611,0.561757,0.585544,,,,
63.15,0.428984,0.496324,0.438142,0.43319,0.452357,0.492342,0.55469,0.538526,0.590913,0.626207,0.562333,0.586579,,,,
63.25,0.427748,0.493803,0.436844,0.434435,0.450954,0.490119,0.550968,0.537134,0.586665,0.625483,0.561811,0.587665,,,,
63.34,0.426877,0.491147,0.435561,0.434903,0.449053,0.487898,0.547537,0.536626,0.583037,0.625038,0.561707,0.588855,,,,
63.44,0.425988,0.488819,0.434929,0.435842,0.44773,0.485277,0.544282,0.536159,0.580315,0.623923,0.562976,0.590699,,,,
63.54,0.426086,0.486499,0.4345,0.436897,0.44655,0.481952,0.541452,0.536693,0.577987,0.62448,0.563572,0.593176,,,,
63.63,0.425853,0.484397,0.434127,0.437641,0.44631,0.479618,0.538718,0.537319,0.577547,0.622969,0.562809,0.59637,,,,
63.73,0.425869,0.482702,0.433776,0.438672,0.444687,0.476277,0.536864,0.538193,0.575489,0.622557,0.562888,0.597456,,,,
63.83,0.426339,0.481,0.43378,0.438684,0.444503,0.473044,0.535678,0.538997,0.574893,0.621272,0.562501,0.59986,,,,
63.92,0.426975,0.479999,0.433877,0.438726,0.444404,0.469551,0.53462,0.53995,0.574901,0.619825,0.561905,0.603419,,,,
64.02,0.428218,0.479067,0.433974,0.43932,0.444442,0.467083,0.533761,0.54084,0.57555,0.618717,0.561197,0.606049,,,,
64.12,0.429526,0.478617,0.434242,0.439306,0.444391,0.464958,0.533649,0.542465,0.576547,0.616579,0.560144,0.606416,,,,
64.21,0.430054,0.478158,0.434528,0.440269,0.445587,0.461932,0.533188,0.543654,0.578025,0.615729,0.559391,0.60849,,,,
64.31,0.430467,0.478272,0.435038,0.439759,0.446458,0.461122,0.533462,0.545065,0.580042,0.614187,0.558863,0.610292,,,,
64.41,0.432086,0.478214,0.435326,0.440029,0.446486,0.459577,0.534358,0.546742,0.582474,0.61334,0.557677,0.611255,,,,
64.5,0.432843,0.478748,0.435892,0.439525,0.4477,0.458156,0.535079,0.548263,0.584808,0.612935,0.556549,0.612642,,,,
64.6,0.432891,0.479317,0.436187,0.440077,0.448221,0.457717,0.536104,0.549889,0.587458,0.611722,0.554599,0.613475,,,,
64.69,0.434058,0.479944,0.436777,0.440083,0.448563,0.458159,0.537342,0.551303,0.589831,0.612129,0.555997,0.615104,,,,
64.79,0.43469,0.480696,0.437378,0.439431,0.449374,0.45781,0.538755,0.552726,0.592727,0.612259,0.557153,0.615396,,,,
64.89,0.435132,0.481624,0.43813,0.438852,0.450176,0.45817,0.540115,0.553991,0.595496,0.612448,0.551376,0.615093,,,,
64.98,0.43601,0.482343,0.438066,0.438709,0.450575,0.458863,0.541926,0.555495,0.597555,0.614479,0.550123,0.615061,,,,
65.08,0.436939,0.483388,0.438928,0.438475,0.450789,0.460097,0.543533,0.556252,0.600469,0.613846,0.549186,0.614246,,,,
65.17,0.437699,0.484588,0.438867,0.438777,0.450539,0.461302,0.545281,0.557526,0.602535,0.614925,0.549113,0.612828,,,,
65.27,0.438115,0.485418,0.439194,0.439108,0.450841,0.461978,0.5463,0.557861,0.6042,0.615794,0.549013,0.611166,,,,
65.37,0.43924,0.486717,0.439522,0.439819,0.451015,0.463208,0.548183,0.558436,0.606061,0.617113,0.550035,0.609797,,,,
65.47,0.440042,0.486955,0.439852,0.440394,0.450516,0.465365,0.549147,0.558676,0.607997,0.6172,0.551295,0.607355,,,,
65.56,0.440286,0.488007,0.440096,0.441945,0.450113,0.46666,0.55062,0.55922,0.609555,0.618679,0.552201,0.604391,,,,
65.66,0.440974,0.488431,0.440063,0.442295,0.45043,0.467369,0.551726,0.559348,0.611087,0.619738,0.553756,0.60248,,,,
65.76,0.441482,0.48944,0.440301,0.443525,0.449697,0.468743,0.55307,0.55904,0.612589,0.619936,0.55504,0.599371,,,,
65.85,0.44203,0.48988,0.440081,0.444531,0.448879,0.469432,0.553918,0.559093,0.61368,0.619416,0.556518,0.597745,,,,
65.95,0.441823,0.490644,0.440146,0.446157,0.44864,0.470047,0.555037,0.558968,0.614936,0.620072,0.558503,0.595721,,,,
66.05,0.44205,0.491027,0.440064,0.447378,0.447816,0.470899,0.556002,0.559289,0.616052,0.619361,0.559393,0.594385,,,,
66.14,0.44195,0.491676,0.43981,0.448535,0.446829,0.471038,0.556785,0.55908,0.616673,0.619462,0.559713,0.593743,,,,
66.24,0.441925,0.492045,0.439614,0.449509,0.445915,0.471945,0.557498,0.559003,0.6172,0.618776,0.561,0.59299,,,,
66.33,0.441961,0.492197,0.439208,0.450199,0.445174,0.472081,0.558177,0.558993,0.617692,0.618451,0.562619,0.593187,,,,
66.43,0.442038,0.492384,0.438899,0.451362,0.443587,0.472442,0.558438,0.558974,0.617996,0.618065,0.563075,0.594759,,,,
66.53,0.44257,0.49249,0.438348,0.45208,0.442312,0.471862,0.558831,0.559018,0.617623,0.61703,0.564239,0.596631,,,,
66.62,0.442276,0.492305,0.437861,0.453313,0.441392,0.471113,0.558943,0.558984,0.617452,0.616518,0.563344,0.596146,,,,
66.72,0.442422,0.492415,0.437151,0.453196,0.440802,0.470531,0.559353,0.559084,0.616407,0.615594,0.563346,0.59859,,,,
66.82,0.442366,0.491977,0.436776,0.454293,0.440208,0.469621,0.5598,0.558798,0.615506,0.615055,0.56291,0.60192,,,,
66.91,0.442286,0.492041,0.436065,0.45455,0.439859,0.469518,0.560166,0.559112,0.614687,0.614369,0.562841,0.604013,,,,
67.01,0.44232,0.49128,0.435575,0.455138,0.439012,0.468294,0.55967,0.559113,0.61362,0.617372,0.562368,0.605698,,,,
67.11,0.442532,0.491143,0.43462,0.45508,0.438913,0.467946,0.559834,0.559584,0.611825,0.614281,0.562425,0.608964,,,,
67.2,0.442815,0.490245,0.434008,0.455209,0.438161,0.467774,0.559435,0.559111,0.612636,0.614431,0.56099,0.610941,,,,
67.3,0.442798,0.489832,0.433333,0.456017,0.438284,0.467317,0.559092,0.559175,0.610299,0.61483,0.560851,0.612428,,,,
67.4,0.443067,0.48922,0.432588,0.455708,0.438499,0.46734,0.558693,0.559637,0.608633,0.615648,0.560295,0.614228,,,,
67.49,0.443544,0.488499,0.431885,0.455753,0.438828,0.467303,0.558758,0.559889,0.607448,0.616818,0.560119,0.615447,,,,
67.59,0.443364,0.487565,0.431464,0.456117,0.43964,0.466894,0.558295,0.559765,0.606368,0.618246,0.560058,0.616654,,,,
67.68,0.443488,0.486673,0.431037,0.456286,0.440318,0.46737,0.558039,0.559515,0.605603,0.619537,0.560206,0.617207,,,,
67.78,0.444167,0.485623,0.430397,0.456684,0.440785,0.46746,0.557575,0.559369,0.604413,0.621073,0.560677,0.617564,,,,
67.88,0.444285,0.484923,0.429956,0.457166,0.44149,0.469077,0.557419,0.558355,0.60351,0.62233,0.56112,0.617778,,,,
67.97,0.444527,0.484382,0.429335,0.458239,0.441812,0.471039,0.556977,0.557659,0.602503,0.623465,0.561401,0.616899,,,,
68.07,0.444597,0.483571,0.42929,0.458993,0.442511,0.473182,0.556712,0.556819,0.602102,0.62427,0.563021,0.616223,,,,
68.17,0.445064,0.482705,0.428642,0.460046,0.442973,0.474365,0.55644,0.556567,0.600957,0.625274,0.565336,0.615183,,,,
68.26,0.445238,0.482171,0.42872,0.461479,0.443351,0.476549,0.556013,0.555447,0.600832,0.624992,0.565679,0.614564,,,,
68.36,0.445567,0.48207,0.42792,0.463054,0.442986,0.480259,0.555878,0.555022,0.599734,0.625399,0.566548,0.613327,,,,
68.46,0.445497,0.481605,0.427876,0.464283,0.443548,0.480352,0.555133,0.553669,0.599514,0.625042,0.567579,0.611983,,,,
68.55,0.446111,0.481702,0.427831,0.465241,0.443601,0.481538,0.555077,0.554058,0.598819,0.624732,0.568546,0.611224,,,,
68.65,0.446398,0.481124,0.427347,0.466399,0.44324,0.483126,0.554288,0.552479,0.598211,0.624006,0.569365,0.61085,,,,
68.75,0.445991,0.481324,0.427321,0.467961,0.443044,0.483727,0.553912,0.551832,0.597951,0.622998,0.570116,0.610673,,,,
68.84,0.446684,0.481082,0.427159,0.468694,0.443336,0.484117,0.553649,0.551261,0.597568,0.621905,0.57022,0.610704,,,,
68.94,0.446479,0.480941,0.427092,0.469436,0.443235,0.485144,0.552873,0.550432,0.597573,0.621109,0.569961,0.611129,,,,
69.04,0.446662,0.480771,0.427263,0.46967,0.443006,0.485476,0.552515,0.549691,0.597308,0.619736,0.569642,0.612187,,,,
69.13,0.446807,0.480148,0.427071,0.469638,0.44268,0.486418,0.551872,0.549104,0.596787,0.619125,0.56974,0.613536,,,,
69.23,0.446692,0.480399,0.426955,0.469806,0.442865,0.485956,0.551598,0.548022,0.597389,0.618391,0.568924,0.614877,,,,
69.32,0.447109,0.48057,0.426832,0.470053,0.443171,0.486663,0.551442,0.547038,0.5977,0.6179,0.567735,0.616784,,,,
69.42,0.4472,0.48058,0.426873,0.469995,0.442608,0.486433,0.551031,0.545465,0.598111,0.61749,0.566976,0.617141,,,,
69.52,0.44738,0.480599,0.426652,0.469731,0.443348,0.487059,0.550836,0.543278,0.598575,0.618021,0.566434,0.618848,,,,
69.61,0.447812,0.480424,0.426509,0.4694,0.443064,0.486692,0.550529,0.541272,0.599929,0.618211,0.565437,0.621186,,,,
69.71,0.447458,0.480289,0.425371,0.469214,0.443622,0.487081,0.550069,0.539842,0.600758,0.618904,0.565051,0.62283,,,,
69.81,0.447485,0.480579,0.424585,0.468816,0.443943,0.487445,0.5497,0.538063,0.601519,0.619333,0.565404,0.623232,,,,
69.9,0.447725,0.47988,0.423869,0.469187,0.444967,0.487714,0.549348,0.536609,0.601901,0.621083,0.564549,0.623876,,,,
70,0.447874,0.479419,0.423467,0.468371,0.445821,0.488224,0.54837,0.534879,0.602278,0.622065,0.564298,0.624488,,,,
70.1,0.44743,0.478038,0.422843,0.469313,0.446578,0.488928,0.547931,0.533352,0.602587,0.623223,0.564623,0.6249,,,,
70.19,0.447051,0.478265,0.422296,0.469529,0.447216,0.490252,0.547233,0.531832,0.602675,0.624996,0.565442,0.624661,,,,
70.29,0.446476,0.477307,0.42135,0.470283,0.448052,0.491414,0.546692,0.530085,0.602739,0.625945,0.566287,0.624701,,,,
70.39,0.446252,0.477054,0.421111,0.471503,0.449009,0.492881,0.545804,0.528389,0.602961,0.627168,0.567521,0.624662,,,,
70.48,0.446364,0.475756,0.420727,0.472256,0.44978,0.494769,0.544729,0.527441,0.602784,0.627992,0.568186,0.624226,,,,
70.58,0.446151,0.474836,0.420219,0.473657,0.450305,0.496497,0.543661,0.52669,0.602391,0.628484,0.56988,0.622904,,,,
70.67,0.445964,0.473884,0.420138,0.475396,0.450857,0.498601,0.542791,0.525642,0.602357,0.629078,0.570992,0.622326,,,,
70.77,0.445681,0.472524,0.41984,0.476491,0.451158,0.500704,0.541989,0.52484,0.602292,0.628945,0.57214,0.621119,,,,
70.87,0.445941,0.472832,0.41957,0.477883,0.451525,0.502307,0.541031,0.524236,0.602711,0.629137,0.573782,0.620742,,,,
70.96,0.445958,0.469896,0.419032,0.478781,0.451322,0.503951,0.540373,0.523956,0.602712,0.631123,0.574551,0.619217,,,,
71.06,0.445772,0.469244,0.419144,0.480465,0.450981,0.505231,0.539586,0.52346,0.603269,0.628338,0.575749,0.620479,,,,
71.16,0.445449,0.468477,0.41855,0.481238,0.450657,0.506933,0.539135,0.523558,0.603285,0.627338,0.576407,0.620189,,,,
71.25,0.445156,0.467659,0.418438,0.482709,0.450206,0.50778,0.53849,0.523048,0.603804,0.627116,0.576446,0.620351,,,,
71.35,0.445546,0.467313,0.41856,0.482851,0.449932,0.508152,0.538595,0.523541,0.60422,0.626423,0.57673,0.62178,,,,
71.45,0.445681,0.466687,0.418705,0.483742,0.449525,0.508428,0.537887,0.524215,0.604513,0.625675,0.576692,0.623119,,,,
71.54,0.445253,0.467041,0.41911,0.483992,0.449034,0.508807,0.538114,0.524467,0.604776,0.625188,0.577212,0.624983,,,,
71.64,0.445507,0.467095,0.4191,0.484388,0.449055,0.508464,0.5383,0.524771,0.604687,0.624611,0.577427,0.62732,,,,
71.74,0.445117,0.467252,0.419193,0.484271,0.449151,0.508269,0.538591,0.524913,0.60435,0.62433,0.577467,0.628572,,,,
71.83,0.445202,0.467251,0.419204,0.484633,0.44923,0.507769,0.538767,0.525217,0.604294,0.623973,0.576969,0.630469,,,,
71.93,0.445099,0.467371,0.41901,0.484246,0.449619,0.507288,0.538642,0.525571,0.603946,0.624114,0.577284,0.631699,,,,
72.02,0.44483,0.467427,0.41883,0.48436,0.45024,0.506627,0.539077,0.525699,0.603642,0.623389,0.576962,0.633296,,,,
72.12,0.444767,0.467544,0.418762,0.484652,0.451385,0.506069,0.539565,0.525911,0.603188,0.623591,0.577044,0.634537,,,,
72.22,0.445261,0.467611,0.418454,0.484907,0.452266,0.505722,0.539733,0.525823,0.603049,0.623306,0.576647,0.635767,,,,
72.31,0.44566,0.467615,0.418313,0.485355,0.453159,0.505312,0.539721,0.525741,0.602525,0.623597,0.576844,0.635764,,,,
72.41,0.445364,0.467484,0.418445,0.485144,0.454139,0.505127,0.539898,0.525579,0.602355,0.623315,0.576602,0.636894,,,,
72.51,0.443168,0.467311,0.418455,0.485686,0.455015,0.504857,0.539753,0.525512,0.602353,0.623305,0.576651,0.636969,,,,
72.6,0.441876,0.467455,0.418782,0.486685,0.456267,0.505815,0.539891,0.525526,0.602207,0.623051,0.576677,0.637019,,,,
72.7,0.441411,0.467259,0.419032,0.486858,0.457118,0.506157,0.539839,0.525592,0.602384,0.622795,0.576659,0.636411,,,,
72.8,0.43992,0.467752,0.419032,0.487032,0.458763,0.507319,0.540102,0.525868,0.602543,0.622524,0.576772,0.63633,,,,
72.89,0.43955,0.467925,,0.488173,0.459281,0.509074,0.540635,0.525868,,0.621842,0.576558,0.635823,,,,
72.99,0.439292,0.468297,,0.48838,0.460363,0.510422,0.541095,,,0.621723,0.576731,0.635664,,,,
73.09,0.439599,0.468297,,0.488293,0.461332,0.512383,0.541095,,,0.621829,0.576612,0.635695,,,,
73.18,,,,0.488664,0.461858,0.514319,,,,0.621398,0.576603,0.635218,,,,
73.28,,,,0.488683,0.462348,0.516134,,,,0.620873,0.580629,0.635451,,,,
73.38,,,,0.48865,0.462029,0.518138,,,,0.620328,0.576445,0.635328,,,,
73.47,,,,0.488504,0.462332,0.519664,,,,0.62,0.57649,0.635999,,,,
73.57,,,,0.488408,0.462712,0.521142,,,,0.619804,0.576238,0.63613,,,,
73.66,,,,0.488186,0.462826,0.522283,,,,0.619113,0.576209,0.636833,,,,
73.76,,,,0.487401,0.462693,0.52316,,,,0.618985,0.576297,0.637114,,,,
73.86,,,,0.486836,0.462782,0.523338,,,,0.618863,0.575977,0.637442,,,,
73.95,,,,0.486127,0.462504,0.524057,,,,0.618513,0.57605,0.638509,,,,
74.05,,,,0.485892,0.462512,0.523764,,,,0.617906,0.57594,0.638743,,,,
74.15,,,,0.485197,0.462695,0.523685,,,,0.617951,0.575691,0.639407,,,,
74.24,,,,0.484657,0.462684,0.522985,,,,0.617702,0.575789,0.640629,,,,
74.34,,,,0.484585,0.462962,0.522872,,,,0.617537,0.5757,0.640569,,,,
74.44,,,,0.484302,0.463153,0.522448,,,,0.617776,0.575428,0.641562,,,,
74.53,,,,0.484462,0.464984,0.522021,,,,0.617737,0.57561,0.641427,,,,
74.63,,,,,0.463925,0.521489,,,,,0.575168,0.641762,,,,
74.73,,,,,0.464097,0.520922,,,,,0.57498,0.641857,,,,
74.82,,,,,0.464097,0.520959,,,,,0.574836,0.641644,,,,
74.92,,,,,0.464174,0.520838,,,,,0.575099,0.641604,,,,
75.01,,,,,0.464374,0.521238,,,,,0.574913,0.642049,,,,
75.11,,,,,0.464135,0.521283,,,,,0.574938,0.641551,,,,
75.21,,,,,0.464032,0.521606,,,,,0.574856,0.641024,,,,
75.3,,,,,0.463472,0.522131,,,,,,0.641305,,,,
75.4,,,,,0.463036,0.522466,,,,,,0.641477,,,,
75.5,,,,,0.462637,0.52333,,,,,,0.641894,,,,
75.59,,,,,0.461807,0.523188,,,,,,0.641757,,,,
75.69,,,,,0.461425,0.523761,,,,,,0.641149,,,,
75.79,,,,,0.460283,0.524167,,,,,,,,,,
75.88,,,,,0.460138,0.524168,,,,,,,,,,
75.98,,,,,0.459583,0.524214,,,,,,,,,,
76.08,,,,,0.459256,0.524171,,,,,,,,,,
76.17,,,,,0.45891,0.52363,,,,,,,,,,
76.27,,,,,0.458539,0.52341,,,,,,,,,,
76.36,,,,,0.458144,0.522905,,,,,,,,,,
76.46,,,,,0.458148,0.522363,,,,,,,,,,
76.56,,,,,0.45791,0.522041,,,,,,,,,,
76.65,,,,,0.457923,0.521365,,,,,,,,,,
76.75,,,,,0.457813,0.520595,,,,,,,,,,
76.85,,,,,0.457737,0.520014,,,,,,,,,,
76.94,,,,,0.457151,0.519965,,,,,,,,,,
77.04,,,,,0.457128,0.519903,,,,,,,,,,
77.14,,,,,0.456809,0.519911,,,,,,,,,,
77.24,,,,,0.456866,0.51966,,,,,,,,,,
77.33,,,,,0.456987,,,,,,,,,,,
77.43,,,,,0.457218,,,,,,,,,,,